id,Hospital/Daycare Centre Name,Email Address,Mobile Number,Registration Date,Final Consent Date,Last Updated,Rohini ID,Status,Assigned To,Total Score,Total Beds,Address1: DOOR/Block NUMBER AND BUILDING NAME,ADDRESS2: STREET NAME,Area,City,Is the Hospital/Daycare Centre situated in any of the Aspirational Districts listed in Annexure?,"If Yes, which District?",State,PINCODE,Hospital/Daycare Centre PAN Number,Latitude,Longitude,HOSPITAL/DAYCARE CENTRE REGN NUMBER,Mention the relevant law under which your Hospital/Daycare Centre is Licensed,"If the answer to the previous question is ""Others"", please state the law under which your Hospital/Daycare Centre is Licensed",Please state the Authority/Agency with whom the Hospital is registered as required under law,Is your Hospital/Daycare Centre Registered with the National Health Facility Registry (HFR),"If Registered with HFR, please provide National Identification Number",Provider Category,Provider Stream,Hospital/Daycare Centre speciality,"If Single Speciality, choose the type of Speciality",Nature of Ownership of the Hospital,PHARMACY,Fire NOC,State level certificate,Pollution Control,BMW management,"Compliance with all the obligations as laid down by the circulars, guidelines, orders of the Government and other legally required compliances",NABH Accreditation,"If Yes, Type of NABH Accreditation",JCI Accreditation,Maintenance of daily medical records,Does the Hospital/Daycare Centre have a Helpdesk to facilitate Cashless access?,Hospital/Daycare Centre Contact Name,Hospital/Daycare Centre Contact Number,Hospital/Daycare Centre Email id,Speciality Offered,GENERAL WARDS,SEMI PRIVATE ROOMS,PRIVATE ROOMS,For Semi Private Rooms,For General Wards,For Private Rooms,Years of Establishment,Dr. Bed Ratio,Nurse Bed Ratio,ICU Beds,ICCU Beds,NICU Beds,PICU Beds,Isolation Beds,Burn Unit,HDU beds,# Ventilators,Crash Carts,#Defribillators,Piped Gas (Central Oxygen & Suction),Fire Safety,Ambulance Service,"Ambulance Service Type (if ""InHouse"" Ambulance Service is selected)",Blood Bank,Pharmacy,Modular OT,Major OT,Minor OT,Labor Room,Cardia Thoracic OT,Dialysis Unit,Endoscope,Robotic Arm,C- Arm,CAS,Cath Lab,Step Down OT,Resuscitation equipment,Lithotripsy Equipment,Legal Statutes Compliance,Registration with IT Tax Dept,Uninterrupted Electricity Backup,Safe Drinking Water,Legal Record Maintenance,Mortuary Services,CSSD,Display of Hospital Charges,Monitoring of Infection Rates,Monitoring of Death Rates,Full Time Super Specialists,Full Time Specialists,Full Time MBBS,Full Time Alternate Med Doctors,Registered Nurses,Total Anesthetists,Total Surgeons,Total Orthopedicians,Total OBGY,Total Qualified Medical Practitioners,Total Nurses,Total OT Technicians,Total Radiology Technicians,Total Pathology Technicians,Total Emergency Medicine Technicians,Total Audiology Technicians,Total Ancillary Service Technicians,Total Qualified Pharmacists,Total Qualified Paramedical Staff,TPA Coordinator Name,TPA Coordinator Email,TPA Coordinator Phone,Billing Person Name,Billing Person Email,Billing Person Phone,Medical Superintendent Name,Medical Superintendent Email,Medical Superintendent Phone,Medical Director Name,Medical Director Email,Medical Director Phone,Administrator Name,Administrator Email,Administrator Phone,CEO Name,CEO Email,CEO Phone,Marketing Head Name,Marketing Head Email,Marketing Head Phone,Account Number,IFSC Code,Account Type,Bank Name,Registration Certificate Document,ROHINI Certificate Document,Proprietorship Certificate Document,KYC Owner Entity Document,KYC Authorized Signatory Document,PAN Card Document,GST Certificate Document,Cancelled Cheque Document,Accreditation Certificate Document,Authorised Building Plan Document,PCB Certificate Document,Fire Safety Certificate Document,BMW Certificate Document,Lift Commission Certificate Document,PCPNDT Certificate Document,MTP Certificate Document,AERB License Document,FDA License Pharmacy Document,FDA License Blood Bank Document,NDPS License Pharmacy Document,HOTA Certificate Document,Hospital Exterior View Photo,Hospital Main Reception Area Photo,Hospital Patient Waiting Area Photo,Hospital OPD View Photo,Hospital ICU View Photo,Hospital OT View Photo,Hospital Consultation Chamber Photo,Hospital Patient Room Interior Photo,Hospital Pathology Lab Photo,Hospital Specialized Equipment Photo,Hospital Other Image Photo,Hospital Address Proof Photo,Hospital Front Entrance Photo,Authorized Signatory Name,Authorized Signatory Email,Authorized Signatory Phone,General Surgery,Medicine,Plastic Surgery,Orthopedics,OBGY,Pediatrics,Burns Unit,Nuclear Medicine,Neonatology,Cardiology,CVTS,ENT,Ophthalmology,Neurosurgery,Nephrology,Reconstructive Surgery,Oncology,Neonatal Paediatric Surgery,Urology,Bariatric Surgery,Biochemistry,Microbiology,Immunochemistry,Imaging,X-Rays,MRI,USG,PET,CT,Echo
1013167,G.F.E EYE HOSPITAL,gefbangalore1995@hotmail.com,9620351090,3/4/2026,3/4/2026,7/5/2026,8900080190726,Empaneled,Sampath TS,94,20,AIR EXTENTION,OLD MADRAS ROAD," HOSAKOTE, ",BANGALORE RURAL-562114 KARNATAKA,No,N/A,KARNATAKA,562114,AAATG0568K,13.06,77.78,BLR00108ALHL4,Clinical Establishments Act,,KARNATAKA PRIVATE MEDICAL ESTABLISHMENTS,No,N/A,Hospital,Allopathy,Single,Ophthalmology (Eye Care),Trust,yes,Yes,Yes,Yes,Yes,Yes,Yes,NABH- Entry Level,No,Yes,Yes,RADHA M,9620351090,gefbangalore1995@gmail.com,Yes,10,4,6,100,750,,1995,1:3,1:10,0,0,0,0,0,0,0,0,Yes,0,Yes,Yes,Outsourced,,Outsourced,In-house,0,1,0,0,0,0,0,0,0,,0,0,0,0,Yes,Yes,Yes,Yes,Yes,No,No,Yes,Yes,Yes,4,3,0,3,2,2,5,0,0,0,2,3,0,0,0,0,0,1,6,RADHA M,GEFBANGALORE1995@GMAIL.COM,9620351090,DEEPIKA,GEFBANGALORE1995@GMAIL.COM,8147611264,DR VENKATA RAGHAVA P,GEFBANGALORE1995@HOTMAIL.COM,9611589141,DR VENKATA RAGHAVA P,GEFBANGALORE1995@HOTMAIL.COM,9611589141,SHOUVIKNATH,nathsovik@gmail.com,8282801603,DR SUNDAR RAM SHETTY,drshetty5854@gmail.com,9741112464,devaraj ramamurthy,GEFBANGALORE1995@HOTMAIL.COM,9845589974,64095410238,SBIN0040033,Current,State Bank of India,Uploaded,Uploaded,Uploaded,Uploaded,Uploaded,Uploaded,Uploaded,Uploaded,Uploaded,Uploaded,Uploaded,Uploaded,Uploaded,N/A,N/A,N/A,N/A,N/A,N/A,N/A,N/A,Uploaded,Uploaded,Uploaded,N/A,N/A,Uploaded,N/A,N/A,N/A,N/A,N/A,Uploaded,Uploaded,DR SUNDAR  RAM SHETTY,drshetty5854@gmail.com,9741112464,No,No,No,No,No,No,No,No,No,No,No,No,Yes,No,No,No,No,No,No,No,Outsourced,Outsourced,Outsourced,Outsourced,Outsourced,Outsourced,Outsourced,Outsourced,Outsourced,Outsourced
1011068,CRYSTAL EYE HOSPITAL,tpa.crystaleyehospital@gmail.com,9987128868,6/2/2026,7/2/2026,12/5/2026,8900080732063,Empaneled,Dr Sandip Choudhari,106,4,"SHOP NO 1,, & 2, GROUND FLOOR, PLUS MEZZANINE FLOOR, A BLOCK, HELAL BLDG,",DR. MASCARENHAS ROAD,MAZGAON,MUMBAI,No,N/A,MAHARASHTRA,400010,AAKCC8717B,18.97,72.84,888052782,"Bombay Nursing Homes Registration Act, 1949",,MUNICIPAL CORPORATION OF GREATER MUMBAI,No,N/A,Hospital,Allopathy,Single,Ophthalmology (Eye Care),Private Limited Company,no,Yes,Yes,Yes,Yes,Yes,No,,No,Yes,Yes,DR ANIS BHAVNAGARWALLA,9987128868,tpa.crystaleyehospital@gmail.com,Yes,4,0,0,00,72,,2024,4:1,4:1,0,0,0,0,0,0,0,1,No,1,No,Yes,Outsourced,,Outsourced,Outsourced,1,1,1,0,0,0,0,0,0,,0,0,1,0,Yes,Yes,Yes,Yes,Yes,No,Yes,Yes,Yes,Yes,10,5,3,0,3,1,5,0,0,3,3,3,0,0,0,0,0,0,4,DANISH SUPARE,tpa.crystaleyehospital@gmail.com,9920054195,MISS AURICA VAZ,tpa.crystaleyehospital@gmail.com,9930454350,DR.ANIS BHAVNAGARWALLA,tpa.crystaleyehospital@gmail.com,9987128868,DR.ANIS BHAVNAGARWALLA,tpa.crystaleyehospital@gmail.com,9987128868,MISS NAHID SHAIKH,tpa.crystaleyehospital@gmail.com,7400339868,DR.ANIS BHAVNAGARWALLA,tpa.crystaleyehospital@gmail.com,9987128868,MISS NAHID SHAIKH,tpa.crystaleyehospital@gmail.com,7400339868,107105006129,ICIC0001071,Current,ICICI BANK LTD,Uploaded,Uploaded,Uploaded,Uploaded,Uploaded,Uploaded,N/A,Uploaded,N/A,Uploaded,Uploaded,Uploaded,Uploaded,N/A,N/A,N/A,N/A,N/A,N/A,N/A,N/A,Uploaded,Uploaded,Uploaded,Uploaded,N/A,Uploaded,Uploaded,Uploaded,N/A,Uploaded,Uploaded,Uploaded,Uploaded,DR.ANIS BHAVNAGARWALLA,tpa.crystaleyehospital@gmail.com,9987128868,No,No,No,No,No,No,No,No,No,No,No,No,Yes,No,No,No,No,No,No,No,Outsourced,Outsourced,Outsourced,In-house,Outsourced,Outsourced,Outsourced,Outsourced,Outsourced,Outsourced
1008676,OSWAL EYE CARE,oswaleyecare@gmail.com,7699989998,15/12/2025,29/12/2025,29/4/2026,8900080726017,Empaneled,Swapnil Bhandare,36,1,MERAKI ARENA 201 ABOVE CROMA OPP R K STU, MAITRI PARK Chembur,CHEBUR,MUMBAI,No,N/A,MAHARASHTRA,400071,AAHFO5956A,19.05,72.91,888072664,"Bombay Nursing Homes Registration Act, 1949",false,BOMBAY NURSING HOME REGISTRATION ACT,No,N/A,Day Care,Allopathy,Single,Ophthalmology (Eye Care),Partnership Firm,yes,Yes,Yes,Yes,Yes,Yes,No,,No,Yes,No,OSWAL EYE CARE,7699989998,oswaleyecare@gmail.com,Yes,0,0,1,0,0,,2025,0,0,0,0,0,0,0,0,0,0,No,0,No,Yes,Not Available,,Not Available,In-house,0,0,1,0,0,0,0,0,0,,0,0,0,0,No,Yes,Yes,Yes,Yes,No,No,No,No,No,0,5,0,0,0,1,4,0,0,0,0,1,0,0,0,0,0,1,1,MR FAIZAN ANSARI,oswaleyecare@gmail.com,9769161633,MRS SHAMIKSHA MANHENDRAKAR,oswaleyecare@gmail.com,9321051642,MR FAIZAN ANSARI,oswaleyecare@gmail.com,9769161633,DR AKSHATA OSWAL,oswaleyecare@gmail.com,9819669049,MR FAIZAN ANSARI,oswaleyecare@gmail.com,9769161633,DR AKSHATA OSWAL,oswaleyecare@gmail.com,9819669049,MR REHMAN SHAIKH,oswaleyecare@gmail.com,7977348978,,,,,Uploaded,Uploaded,Uploaded,Uploaded,Uploaded,Uploaded,Uploaded,Uploaded,N/A,Uploaded,Uploaded,Uploaded,Uploaded,N/A,N/A,N/A,N/A,Uploaded,N/A,N/A,N/A,N/A,N/A,N/A,N/A,N/A,N/A,N/A,N/A,N/A,N/A,N/A,Uploaded,Uploaded,MR FAIZAN ANSARI,oswaleyecare@gmail.com,9769161633,No,Yes,No,No,No,No,No,No,No,No,No,No,Yes,No,No,No,No,No,No,No,Not Available,Not Available,Not Available,Not Available,Not Available,Not Available,Not Available,Not Available,Not Available,Not Available
1008627,ASHADEEP HOSPITAL,tpaashadeephospital@gmail.com,6264074746,13/12/2025,30/12/2025,14/4/2026,8900080148345,Empaneled,Sanat Khatri,135,19,"AHSADEEP PARISAR, SLICE 02",SCHEME NO.78 ,VIJAY NAGAR,INDORE,No,N/A,MADHYA PRADESH,452010,AJUPP5772B,23.354754,75.026022,00015,"Madhya Pradesh Upcharya Griha Tatha Rujopchar Sanbabdu Sthapana Adhiniyam, 1973",false,CMHOINDORE MADHYA PRADESH,No,N/A,Hospital,Allopathy,Multi Speciality,,Sole Proprietorship,yes,Yes,Yes,Yes,Yes,Yes,Yes,NABH- Entry Level,No,Yes,Yes,SHADAB MOHAMMAD,6264074746,tpaashadeephospital@gmail.com,Yes,13,2,2,15,100,,2013,5:1,5:1,3,0,2,0,2,0,1,1,Yes,2,Yes,Yes,In-house,ALS,Outsourced,In-house,1,1,1,1,0,0,1,0,1,,0,1,0,1,Yes,No,Yes,Yes,Yes,No,Yes,Yes,Yes,Yes,2,1,4,2,10,1,2,1,1,2,10,4,1,2,1,1,1,2,3,MR. SHADAB MOHAMMAD,tpaashadeephospital@gmail.com,6264074746,MR. MOHAMMAD IMRAN,tpaashadeephospital@gmail.com,7509640264,DR. PARUL PANDIT,tpaashadeephospital@gmail.com,8815709909,DR. ABHIJEET PANDIT,tpaashadeephospital@gmail.com,9039038999,DR. ABHA PANDIT,tpaashadeephospital@gmail.com,7869916615,DR. ABHA PANDIT,tpaashadeephospital@gmail.com,7869916615,MR. RAJKUMAR CHHAVARIYA,tpaashadeephospital@gmail.com,9589028088,50200107974344,HDFC0000404,Current,HDFC BANK ,Uploaded,Uploaded,Uploaded,Uploaded,Uploaded,Uploaded,Uploaded,Uploaded,Uploaded,Uploaded,Uploaded,Uploaded,Uploaded,Uploaded,Uploaded,Uploaded,Uploaded,Uploaded,N/A,Uploaded,N/A,N/A,N/A,N/A,N/A,N/A,N/A,N/A,N/A,N/A,N/A,N/A,Uploaded,Uploaded,DR. ABHIJEET PANDIT,tpaashadeephospital@gmail.com,9039038999,Yes,Yes,Yes,Yes,Yes,Yes,No,No,Yes,No,No,Yes,No,Yes,Yes,Yes,Yes,Yes,Yes,No,Outsourced,Outsourced,Outsourced,In-house,In-house,Outsourced,In-house,Outsourced,Outsourced,In-house
1008470,SAMADHAN HEALTHCARE CENTRE,samadhanhealthcarecentre@gmail.com,8850382599,10/12/2025,10/12/2025,12/5/2026,8900080362130,Empaneled,Dr Sachin Gaikwad,169,15,"301, SWASTIK ESPLANDE, 3rd & 4th FLOOR","BEHIND ALPANA APARTMENT, LBS MARG , GHATKOPAR - W",GHATKOPAR,MUMBAI,No,N/A,MAHARASHTRA,400086,ACNFS1245G,19.09,72.91,887629568,"Bombay Nursing Homes Registration Act, 1949",false,BRIHNAMUMBAI MUNICIPAL CORPORATION,No,N/A,Hospital,Allopathy,Multi Speciality,,Partnership Firm,yes,Yes,Yes,Yes,Yes,Yes,No,,No,Yes,Yes,CHETNA,8850382599,samadhanhealthcarecentre@gmail.com,Yes,8,6,1,150,140,,2015,1:5,1:5,0,0,0,0,0,0,0,1,Yes,1,Yes,Yes,Outsourced,,Outsourced,In-house,1,0,1,0,0,0,0,0,1,,0,0,2,0,Yes,No,Yes,Yes,Yes,No,Yes,Yes,Yes,Yes,8,12,12,4,10,1,1,1,0,4,10,4,2,2,2,0,6,4,4,CHETNA TAKKER,samadhanhealthcarecentre@gmail.com,8850382599,,,,,,,,,,,,,DR RASIK PATEL,samadhanhealthcarecentre@gmail.com,9820181998,,,,916020015789295,UTIB0001843,Current,AXIS BANK LTD,Uploaded,Uploaded,Uploaded,Uploaded,Uploaded,Uploaded,N/A,Uploaded,N/A,Uploaded,Uploaded,Uploaded,Uploaded,N/A,N/A,N/A,N/A,N/A,N/A,N/A,N/A,N/A,N/A,N/A,N/A,N/A,N/A,N/A,N/A,N/A,N/A,Uploaded,Uploaded,Uploaded,DR RASIK PATEL,samadhanhealthcarecentre@gmail.com,9820181998,Yes,Yes,No,Yes,Yes,Yes,Yes,No,No,Yes,No,No,No,Yes,Yes,No,Yes,No,Yes,No,Outsourced,Outsourced,Outsourced,In-house,In-house,Outsourced,Outsourced,Outsourced,Outsourced,Outsourced
1007939,Drikveda Eye Hospital,contact@drikveda.com,9036132040,28/11/2025,28/11/2025,16/3/2026,8900080723542,Empaneled,,48,1,NO 1221 HOLIDAY VILLAGE ROAD,OFF KANAKAPURA MAIN ROAD,"VAJARAHALLI, UTTARAHALLI HOBLI",BANGALORE,No,N/A,KARNATAKA,560109,AALCD2568A,13.23,63.24,BLU12615ALHL2,Clinical Establishments Act,false,DISTRICT REGISTRATION AND GRIEVANCE REDRESSAL,No,N/A,Day Care,Allopathy,Single,Ophthalmology (Eye Care),Private Limited Company,no,No,Yes,Yes,Yes,Yes,No,,No,Yes,Yes,DR SHARADA M,9036132040,contact@drikveda.com,Yes,1,0,0,0,1,,2025,1:5,0,0,0,0,0,0,0,0,0,Yes,1,Yes,No,Not Available,,Not Available,Not Available,1,1,0,0,0,0,0,0,0,,0,0,0,0,Yes,Yes,Yes,Yes,Yes,No,Yes,Yes,Yes,Yes,1,1,1,0,1,0,0,0,0,1,0,1,0,0,0,0,0,0,0,NIKITHA,contact@drikveda.com,9380651952,NIKITHA,contact@drikveda.com,9380651952,,,,DR SHARADA M,sharada@drikveda.com,9743223865,HITHESH BHAT,contact@drikveda.com,9036132049,DR SHARADA M,sharada@drikveda.com,9743223865,HITHESH BHAT,contact@drikveda.com,9036132049,44179895148,SBIN0004932,Current,STATE BANK OF INDIA,Uploaded,Uploaded,Uploaded,Uploaded,Uploaded,Uploaded,Uploaded,Uploaded,N/A,Uploaded,Uploaded,Uploaded,Uploaded,N/A,N/A,N/A,N/A,N/A,N/A,N/A,N/A,Uploaded,Uploaded,Uploaded,Uploaded,N/A,Uploaded,Uploaded,Uploaded,N/A,Uploaded,Uploaded,Uploaded,Uploaded,DR SHARADA M,sharada@drikveda.com,9743223865,No,No,No,No,No,No,No,No,No,No,No,No,Yes,No,No,No,No,No,No,No,Not Available,Not Available,Not Available,In-house,Not Available,Not Available,Not Available,Not Available,Not Available,Not Available
1007692,SHREE TRINETRAM HOSPITAL PRIVATE LIMITED,tpaeyecaretrinetram@gmail.com,9940632054,23/11/2025,24/11/2025,14/4/2026,8900080609013,Empaneled,Sanat Khatri,59,2,"WB-33, SECTOR-B, SCHEME NO. 94, RING ROAD",NEAR BOMBAY HOSPITAL,INDORE,INDORE,No,N/A,MADHYA PRADESH,452016,ABLCS2585F,22.7603,75.9054,NH0266DEC2023,"Madhya Pradesh Upcharya Griha Tatha Rujopchar Sanbabdu Sthapana Adhiniyam, 1973",false,Chief Medical And Health Officer,No,N/A,Hospital,Allopathy,Single,Ophthalmology (Eye Care),Sole Proprietorship,yes,Yes,Yes,Yes,Yes,Yes,Yes,NABH- Entry Level,No,Yes,Yes,DR ANIMESH SAHU,9940632054,tpaeyecaretrinetram@gmail.com,Yes,0,2,0,7,0,,2023,2:1,2:1,0,0,0,0,0,0,0,0,Yes,0,No,Yes,Not Available,,Not Available,In-house,1,0,1,0,0,0,0,0,0,,0,0,0,0,Yes,Yes,Yes,Yes,Yes,No,Yes,Yes,Yes,Yes,1,1,0,0,2,0,1,0,0,0,2,2,0,0,0,0,0,1,1,MRS SONALI RAJORE,tpaeyecaretrinetram@gmail.com,9301037378,MRS PAYAL,eyecaretrinetram@gmail.com,9301037378,,,,,,,,,,DR ANIMESH SAHU,tpaeyecaretrinetram@gmail.com,9940632054,,,,923020042982588,UTIB0000568,Current,AXIS BANK,Uploaded,Uploaded,Uploaded,Uploaded,Uploaded,Uploaded,N/A,Uploaded,Uploaded,Uploaded,Uploaded,Uploaded,Uploaded,N/A,N/A,N/A,N/A,N/A,N/A,N/A,N/A,N/A,N/A,N/A,N/A,N/A,N/A,N/A,N/A,N/A,N/A,N/A,Uploaded,Uploaded,DR ANIMESH SAHU,tpaeyecaretrinetram@gmail.com,9940632054,No,No,No,No,No,No,No,No,No,No,No,No,Yes,No,No,No,No,No,No,No,Outsourced,Outsourced,Outsourced,Outsourced,Outsourced,Outsourced,Outsourced,Outsourced,Outsourced,Outsourced
1007336,JAIN EYE CLINIC,jaineyec@gmail.com,9500885523,17/11/2025,17/11/2025,24/2/2026,8900080656062,Empaneled,Dr Sachin Gaikwad,39,2,"301, A WING, SAPPHIRE ARCADE, M.G ROAD, RAJAWADI COLONY, GHATKOPAR-EAST",M G ROAD,GHATKOPAR,MUMBAI,No,N/A,MAHARASHTRA,400077,AOAPB1618R,19.0908,72.9077,887919285,"Bombay Nursing Homes Registration Act, 1949",false,MUMBAI MUNICIPAL CORPORATION,No,N/A,Day Care,Allopathy,Single,Ophthalmology (Eye Care),Sole Proprietorship,not_applicable,Yes,No,No,Yes,Yes,No,,No,Yes,Yes,Dr Pratik M Bhadra,9500885523,jaineyec@gmail.com,Yes,0,0,2,50,0,,2020,2:1,2:1,0,0,0,0,0,0,0,0,No,0,No,Yes,Not Available,,Not Available,Not Available,1,0,0,0,0,0,0,0,0,,0,0,1,0,Yes,No,Yes,Yes,Yes,No,Yes,Yes,Yes,No,1,0,0,0,2,0,1,0,0,0,1,1,0,0,0,0,0,0,0,VIKAS,jaineyec@gmail.com,8767557105,,,,,,,,,,,,,DR PRATIK M BHADRA,jaineyec@gmail.com,8767557105,,,,0456102100000500,PUNB0045610,Current,PUNJAB NATIONAL BANK,Uploaded,Uploaded,Uploaded,Uploaded,Uploaded,Uploaded,N/A,Uploaded,N/A,Uploaded,Uploaded,Uploaded,Uploaded,N/A,N/A,N/A,N/A,N/A,N/A,N/A,N/A,N/A,N/A,N/A,N/A,N/A,N/A,N/A,N/A,N/A,N/A,N/A,Uploaded,Uploaded,DR PRATIK M BHADRA,jaineyec@gmail.com,8767557105,No,No,No,No,No,No,No,No,No,No,No,No,Yes,No,No,No,No,No,No,No,Not Available,Not Available,Not Available,Not Available,Not Available,Not Available,Not Available,Not Available,Not Available,Not Available
1007165,ISHA EYE CARE PVT LTD DADAR,ishadadartpa21@gmail.com,8698368883,13/11/2025,13/11/2025,7/5/2026,8900080720718,Empaneled,Dr Shamika Phapale,74,12,": Unit no-1, 2nd floor, Kohinoor Square, N C. Kelkar Marg, opp. Shiv Sena Bhavan, Dadar West, Dadar, Mumbai, Maharashtra 400028"," Shiv Sena Bhavan, Dadar West, ",", N C. Kelkar Marg",MUMBAI,No,N/A,MAHARASHTRA,400028,AAFCI5109N,19.024923,72.841504,888088148,"Bombay Nursing Homes Registration Act, 1949",false,medical health of officer,No,na,Day Care,Ayush,Single,Ophthalmology (Eye Care),Private Limited Company,yes,Yes,Yes,Yes,Yes,Yes,No,,No,Yes,Yes,SUMIT PATIL,8698368883,ishadadartpa21@gmail.com,Yes,5,5,2,5,5,,2025,1,1:10,0,0,0,0,0,0,0,0,Yes,0,Yes,Yes,Outsourced,,Outsourced,Outsourced,1,1,0,1,0,0,0,0,0,,0,0,0,0,Yes,No,Yes,Yes,Yes,No,No,Yes,Yes,No,4,4,6,4,1,0,0,0,0,0,1,2,0,0,0,0,0,2,1,Sumit.patil,ishadadartpa21@gmail.com,8698368883,digamber.dhanawade,ishadadartpa21@gmail.com,8698368883,not.applicable,,,not.applicable,,,Ajay,tpa.ishaeyecare@gmail.com,,SMITESH SHAH,tpa.ishaeyecare@gmail.com,8698368883,santosh,tpa.ishaeyecare@gmail.com,8698368883,,,,icici bank ,Uploaded,Uploaded,Uploaded,Uploaded,Uploaded,Uploaded,Uploaded,Uploaded,Uploaded,Uploaded,Uploaded,Uploaded,Uploaded,Uploaded,Uploaded,Uploaded,Uploaded,Uploaded,Uploaded,Uploaded,Uploaded,Uploaded,Uploaded,Uploaded,Uploaded,Uploaded,Uploaded,Uploaded,Uploaded,Uploaded,Uploaded,Uploaded,Uploaded,Uploaded,sumit.patil,ishadadartpa21@gmail.com,8698368883,No,No,No,No,No,No,No,No,No,No,No,No,Yes,No,No,No,No,No,No,No,Outsourced,Not Available,Not Available,Outsourced,Not Available,Not Available,Not Available,Not Available,Not Available,Not Available
1006892,NARENDRA HOSPITAL,dr.narendrahospital@gmail.com,9324358086,7/11/2025,7/11/2025,22/4/2026,8900080106918,Empaneled,Dr Shamika Phapale,106,13,"GROUND FLOOR, SEETA MAHAL",KASTURBA ROAD NO.5,BORIVALI EAST,MUMBAI,No,N/A,MAHARASHTRA,400066,AAFPS4664P,19.2,72.8,MCGMMUMBAI,"Bombay Nursing Homes Registration Act, 1949",false,MUMBAI CORPORATION OF GREATER MUMBAI,No,N/A,Hospital,Allopathy,Single,Other Speciality,Sole Proprietorship,no,Yes,Yes,Yes,Yes,Yes,Yes,NABH- Entry Level,No,Yes,Yes,REETA,9324358086,drnarendra@narendrahospital.com,Yes,4,6,3,100,200,,1981,1:4,1:2,0,3,0,0,0,0,0,2,Yes,1,Yes,Yes,Outsourced,,Outsourced,Outsourced,0,0,0,0,0,0,0,0,0,,0,0,1,0,Yes,Yes,Yes,Yes,Yes,No,No,Yes,Yes,Yes,2,5,2,3,6,0,0,0,0,2,6,0,0,1,1,0,0,0,0,REETA,drnarendra@narendrahospital.com,9324358086,REETA,drnarendra@narendrahospital.com,9324358086,DR. NARENDRA KUMAR,drnarendra@narendrahospital.com,9324358086,DR. NARENDRA KUMAR,drnarendra@narendrahospital.com,9324358086,ANAGHA TAWDE,drnarendra@narendrahospital.com,9324358086,DR. NARENDRA KUMAR,drnarendra@narendrahospital.com,9324358086,ANAGHA TAWDE,drnarendra@narendrahospital.com,9324358086,03611010000076,NKGS0000036,Current,nkgsb co op bank ltd.,Uploaded,Uploaded,Uploaded,Uploaded,Uploaded,Uploaded,N/A,Uploaded,Uploaded,Uploaded,Uploaded,Uploaded,Uploaded,N/A,N/A,N/A,N/A,N/A,N/A,N/A,N/A,Uploaded,Uploaded,Uploaded,Uploaded,Uploaded,N/A,Uploaded,Uploaded,Uploaded,Uploaded,N/A,Uploaded,Uploaded,DR. NARENDRA KUMAR,drnarendra@narendrahospital.com,9324358086,No,Yes,No,No,No,No,No,No,No,Yes,No,No,No,No,Yes,No,No,No,No,No,In-house,Outsourced,Outsourced,Outsourced,Outsourced,Outsourced,Outsourced,Outsourced,Outsourced,In-house
1006665,Global Multi speciality Hospital,ujjainglobalhospital@gmail.com,8889558165,3/11/2025,27/11/2025,14/4/2026,8900080420311,Empaneled,Sanat Khatri,192,33,"Kshapnak Marg., Desai Nagar, Ujjain, Madhya Pradesh 456010",ujjian,ujjain,ujjain,No,N/A,MADHYA PRADESH,456010,AGVPK4444P,75.7936,23.1802,1212313211,"Madhya Pradesh Upcharya Griha Tatha Rujopchar Sanbabdu Sthapana Adhiniyam, 1973",false,11111111111111111111,No,N/A,Hospital,Allopathy,Multi Speciality,,Sole Proprietorship,yes,Yes,Yes,Yes,Yes,Yes,Yes,NABH- Full,No,Yes,Yes,ARJUN RATHORE,8889558165,ujjainglobalhospital@gmail.com,Yes,25,2,4,144,1000,,2018,4:1,4:2,7,5,4,1,1,1,1,1,Yes,1,Yes,Yes,In-house,ALS,Not Available,In-house,3,1,1,1,0,0,0,0,1,,0,0,1,0,Yes,Yes,Yes,Yes,Yes,No,Yes,Yes,Yes,Yes,7,8,9,2,15,3,5,3,4,1,12,3,1,1,1,0,0,1,2,kavita,ujjainglobalhospital@gmail.com,7974205354,arjun rathore,ujjainglobalhospital@gmail.com,8889558165,,,,drajay khare,khareajay13@gmail.com,7000384612,sanjay bairagi,globalhospitalujn@gmail.com,9827080449,Dr ajay khare,khareajay13@gmail.com,7000384612,sanjay bairagi,globalhospitalujn@gmail.com,9827080449,030005004667,ICIC0000300,Current,icici bank,Uploaded,Uploaded,Uploaded,Uploaded,Uploaded,Uploaded,N/A,Uploaded,Uploaded,Uploaded,Uploaded,Uploaded,Uploaded,N/A,N/A,N/A,N/A,N/A,N/A,N/A,N/A,Uploaded,Uploaded,Uploaded,Uploaded,Uploaded,Uploaded,Uploaded,Uploaded,N/A,N/A,N/A,Uploaded,Uploaded,Dr ajay khare,ujjainglobalhospital@gmail.com,7000384612,Yes,Yes,Yes,Yes,Yes,Yes,No,Yes,Yes,No,No,Yes,Yes,Yes,Yes,Yes,Yes,Yes,Yes,Yes,Outsourced,Outsourced,Outsourced,In-house,In-house,Outsourced,In-house,Outsourced,Outsourced,In-house
1006478,VIJAYAEYECLINICSUPERSPECIALITYEYEHOSPITAL,operations.vijayaeyeclinic@gmail.com,9632051923,30/10/2025,6/11/2025,14/5/2026,8900080634268,Empaneled,Sampath TS,64,5,"NO.2, PV PLAZA","17TH CROSS, MC LAYOUT , NEAR GOVINDARAJANAGAR SIGNAL , OPP SARVAJNA BUS STOP , VIJAYANAGAR , BANGALORE","Near Govindarajanagar Signal, Opp. Sarvajna Bus Stop ",Bangalore,No,N/A,KARNATAKA,560040,BVTPR1884C,12.975748,77.53874,BLU11388ALHL2,Others,false,DISTRICT REGISTRATION AND GRIEVANCE REDRESSAL,Yes,IN291011 0184,Day Care,Allopathy,Single,Ophthalmology (Eye Care),Sole Proprietorship,yes,Yes,Yes,Yes,Yes,Yes,No,,No,Yes,Yes,RADHA M N S P PADMAVATHI,9632051923,vijayaeyeclinic.insurance@gmail.com,Yes,5,0,0,0,17,,2019,1:5,2:5,0,0,0,0,0,0,0,1,Yes,0,No,Yes,Outsourced,,Outsourced,Outsourced,1,0,1,0,0,0,0,0,0,,0,0,0,0,Yes,Yes,Yes,Yes,Yes,No,Yes,No,Yes,No,1,2,2,0,2,0,2,0,0,4,2,1,0,0,0,0,0,1,4,S P PADMAVATHI,vijayaeyeclinic.insurance@gmail.com,9632051923,NETHRAVATHI,operations.vijayaeyeclinic@gmail.com,9739302523,,,,MN RADHA(NON MEDICAL DIRECTOR),radhamn04@gmail.com,8105740971,KOUSHIK JOGI,operatations.vijayaeyeclinic@gmail.com,9060414404,M N RADHA,radhan04@gmail.com,8105740971,KOUSHIK JOGI,operations.vijayaeyeclinic@gmail.com,9060414404,89450500000394,BARB0VJVIJB,,BANK OF BARODA,Uploaded,Uploaded,Uploaded,Uploaded,Uploaded,Uploaded,N/A,Uploaded,N/A,Uploaded,Uploaded,Uploaded,Uploaded,N/A,N/A,N/A,N/A,N/A,N/A,N/A,N/A,Uploaded,Uploaded,Uploaded,Uploaded,N/A,Uploaded,Uploaded,N/A,N/A,N/A,N/A,Uploaded,Uploaded,M N RADHA,radhan04@gmail.com,8105740971,No,No,No,No,No,No,No,No,No,No,No,No,Yes,No,No,No,No,No,No,No,Not Available,Not Available,Not Available,Not Available,Not Available,Not Available,Outsourced,Not Available,Not Available,Not Available
1006217,PANDOCXHEALTHCAREPRIVATELIMITED,pandocxhospital.info@gmail.com,9739311100,24/10/2025,1/11/2025,16/3/2026,8900080515536,Empaneled,,175,50,"NO 58,  SERVICE ROAD, OUTER RING ROAD",OPP TO MARUTHI NEXA,"MALAGALA, NAGARBHAVI 2ND STAGE ",BANGALORE,No,N/A,KARNATAKA,560072,AALCP9978J,12.977066,77.515342,BLU09099ALHL2,Clinical Establishments Act,false,KPME TRADE LICENSE BIO MEDICAL WASTE FIRE NOC,Yes,IN2910114434,Hospital,Allopathy,Multi Speciality,,Private Limited Company,yes,Yes,Yes,Yes,Yes,Yes,No,,No,Yes,Yes,DR RAHUL PANDU,9739311100,pandocxhospital.info@gmail.com,Yes,30,10,5,6,4,,2021,3:1,3:1,15,0,0,0,6,0,2,2,Yes,1,Yes,Yes,Outsourced,,Outsourced,In-house,0,1,1,1,0,2,0,0,1,,0,0,5,0,Yes,Yes,Yes,Yes,Yes,No,No,Yes,Yes,Yes,10,6,5,4,15,4,7,2,2,3,6,2,2,1,3,2,4,3,0,CHAITHRA,pandocxhospital.info@gmail.com,9538962324,CHAITHRA,pandocxhospital.info@gmail.com,9538962324,DR RAHUL PANDU,pandocxhospital.info@gmail.com,9739311100,DR RAHUL PANDU,pandocxhospital.info@gmail.com,9739311100,DR RAGHU,pandocxhospital.info@gmail.com,9886037890,DR RAHUL PANDU,pandocxhospital.info@gmail.com,9739311100,CHARAN SHETTY,pandocxhospital.info@gmail.com,7353256510,233405000999,ICIC0002334,Current,ICICI BANK,Uploaded,Uploaded,Uploaded,Uploaded,Uploaded,Uploaded,N/A,Uploaded,N/A,Uploaded,Uploaded,Uploaded,Uploaded,Uploaded,N/A,N/A,Uploaded,Uploaded,N/A,N/A,N/A,N/A,N/A,N/A,N/A,Uploaded,N/A,N/A,N/A,N/A,N/A,N/A,Uploaded,Uploaded,DR RAHUL PANDU,pandocxhospital.info@gmail.com,9739311100,Yes,Yes,No,Yes,Yes,Yes,No,No,No,No,No,Yes,No,Yes,Yes,No,Yes,No,Yes,No,In-house,In-house,Outsourced,Outsourced,In-house,Outsourced,In-house,Not Available,Outsourced,In-house
1006191,SHRI VENKATESH NURSING HOME,tpa.venktesheyecarecentre@gmail.com,9819581499,23/10/2025,24/10/2025,16/3/2026,8900080627611,Empaneled,,65,6,"GROUND FLOOR,SWAMI JAIRAMDAS BLDG,",R.C MARG,"CHEMBUR,",MUMBAI,No,N/A,MAHARASHTRA,400074,AACPM1129J,19.0664,72.900,887311234,"Bombay Nursing Homes Registration Act, 1949",false,MUNICIPAL CORPORATION OF GREATER MUMBAI,No,N/A,Day Care,Allopathy,Single,Ophthalmology (Eye Care),Sole Proprietorship,no,Yes,Yes,Yes,Yes,Yes,Yes,NABH- Entry Level,No,Yes,Yes,DR VISHWESH MALGI,9819581499,tpa.venktesheyecarecentre@gmail.com,Yes,6,0,0,0,500,,2000,1:6,1:6,0,0,0,0,0,0,0,0,Yes,1,No,Yes,Outsourced,,Outsourced,Outsourced,0,1,0,0,0,0,0,0,0,,0,0,0,0,Yes,Yes,Yes,Yes,Yes,No,Yes,Yes,Yes,Yes,0,2,1,1,1,0,1,0,1,1,1,1,0,0,0,0,0,0,0,DR.VISHWESH MALGI,tpa.venktesheyecarecentre@gmail.com,9819581449,DR.SHIRISH VENKATESH MALGI,tpa.venktesheyecarecentre@gmail.com,9819581449,DR.SHIRISH VENKATESH MALGI,tpa.venktesheyecarecentre@gmail.com,9819581449,DR.SHIRISH VENKATESH MALGI,tpa.venktesheyecarecentre@gmail.com,9819581449,DR.SHIRISH VENKATESH MALGI,tpa.venktesheyecarecentre@gmail.com,9819581449,DR.SHIRISH VENKATESH MALGI,tpa.venktesheyecarecentre@gmail.com,9819581449,NOT AVAILABLE,,,76020200000144,BARB0VJWADA,Current,BANK OF BARODA,Uploaded,Uploaded,Uploaded,Uploaded,Uploaded,Uploaded,N/A,Uploaded,Uploaded,Uploaded,Uploaded,Uploaded,Uploaded,N/A,N/A,N/A,N/A,N/A,N/A,N/A,N/A,Uploaded,Uploaded,Uploaded,Uploaded,N/A,Uploaded,Uploaded,Uploaded,N/A,N/A,Uploaded,Uploaded,Uploaded,DR.SHIRISH VENKATESH MALGI,tpa.venktesheyecarecentre@gmail.com,9819581449,No,No,No,No,No,No,No,No,No,No,No,No,Yes,No,No,No,No,No,No,No,Outsourced,Outsourced,Outsourced,Outsourced,Outsourced,Outsourced,Outsourced,Outsourced,Outsourced,Outsourced
1005435,Shri Gurudev Netra Chikitsalaya,sgnceye@gmail.com,7566380000,4/10/2025,14/10/2025,14/5/2026,8900080147508,Empaneled,Sanat Khatri,16,2,209 Bansiwala tower,Agrasen choraha,,Indore,No,N/A,MADHYA PRADESH,452001,AFZPM4898L,22.703239,75.872892,01066,Clinical Establishments Act,false,CMHO Indore Madhya Pradesh,No,N/A,Day Care,Allopathy,Single,Ophthalmology (Eye Care),Sole Proprietorship,not_applicable,Yes,Yes,Yes,Yes,Yes,No,,No,Yes,Yes,Grashika Dhanak,7566380000,sgnceye@gmail.com,Yes,2,0,0,0,10,,2002,1:2,1:2,0,0,0,0,0,0,0,0,No,0,No,Yes,Outsourced,,Outsourced,Outsourced,0,1,1,0,0,0,0,0,0,,0,0,3,0,Yes,Yes,Yes,Yes,Yes,No,Yes,Yes,Yes,No,1,1,1,1,2,0,1,0,0,1,2,1,0,0,0,0,0,0,3,Ishwar Kalosiya,sgnceye@gmail.com,8889400033,Ishwar Kalosiya,sgnceye@gmail.com,8889400033,,,,,,,,,,Dr.Tejesh A.Mehta,sgnceye@gmail.com,9977300010,,,,50200050475917,HDFC0000036,Current,HDFC BANK,Uploaded,Uploaded,Uploaded,Uploaded,Uploaded,Uploaded,N/A,Uploaded,N/A,Uploaded,Uploaded,Uploaded,Uploaded,N/A,N/A,N/A,N/A,N/A,N/A,N/A,Uploaded,Uploaded,Uploaded,Uploaded,Uploaded,Uploaded,Uploaded,Uploaded,Uploaded,N/A,Uploaded,N/A,Uploaded,Uploaded,Dr Tejesh A.Mehta,sgnceye@gmail.com,9977300010,No,No,No,No,No,No,No,No,No,No,No,No,Yes,No,No,No,No,No,No,No,Outsourced,Outsourced,Outsourced,Outsourced,Outsourced,Outsourced,Outsourced,Outsourced,Outsourced,Outsourced
1005392,GAYATRI SWAROOP HOSPITAL,gayatriswaroopinsurance@gmail.com,9977093456,3/10/2025,12/10/2025,13/5/2026,8900080687936,Empaneled,Mr Anil Mehra,142,25,"JR HIG-4 GAUTAM NAGAR, MAIN ROAD ",NEAR CHETAK BRIDGE ,,BHOPAL,No,N/A,MADHYA PRADESH,462023,AAYFG3230A,23.2355,77.4411,NH4198APR2025,"Madhya Pradesh Upcharya Griha Tatha Rujopchar Sanbabdu Sthapana Adhiniyam, 1973",false,CHIEF MEDICAL AND HEALTH OFFICER,Yes,IN2310022880,Hospital,Allopathy,Multi Speciality,,Partnership Firm,yes,Yes,Yes,Yes,Yes,Yes,Yes,NABH- Entry Level,No,Yes,Yes,SANJAY,9977093456,gayatriswaroopinsurance@gmail.com,Yes,10,12,2,21,41,,2025,5:1,5:1,4,0,0,0,1,1,7,3,Yes,1,Yes,Yes,In-house,BLS,Outsourced,In-house,1,2,1,0,1,0,2,0,1,,0,0,4,1,Yes,Yes,Yes,Yes,Yes,No,Yes,Yes,Yes,Yes,3,3,3,3,10,2,2,1,0,2,5,2,2,0,1,0,0,3,8,Sanjay,gayatriswaroopinsurance@gmail.com,9977093456,RANI,gayatriswaroop2025@gmail.com,9977093456,CHIRAG SHANTI DAUSAGE,gayatriswaroop2025@gmail.com,9479378666,DIVYA MADHARIA DAUSAGE,gayatriswaroop2025@gmail.com,9752254455,RUBHI KHAN,gayatriswaroop2025@gmail.com,9977093456,DIVYA MADHARIA DAUSAGE,gayatriswaroop2025@gmail.com,9479378666,RUBHI KHAN,gayatriswaroop2025@gmail.com,9977093456,99966554433262,HDFC0001768,Current,HDFC BANK,Uploaded,Uploaded,Uploaded,Uploaded,Uploaded,Uploaded,N/A,Uploaded,N/A,Uploaded,Uploaded,Uploaded,Uploaded,Uploaded,N/A,N/A,Uploaded,Uploaded,N/A,N/A,N/A,Uploaded,N/A,N/A,Uploaded,Uploaded,Uploaded,Uploaded,Uploaded,N/A,N/A,N/A,Uploaded,Uploaded,CHIRAG SHANTI DAUSAGE,gayatriswaroop2025@gmail.com,9479378666,Yes,Yes,Yes,Yes,No,Yes,Yes,No,No,Yes,Yes,Yes,No,Yes,Yes,Yes,Yes,Yes,Yes,Yes,Outsourced,Outsourced,Outsourced,In-house,In-house,Outsourced,Outsourced,Outsourced,Outsourced,Outsourced
1005361,RAJALAKSHMI HOSPITAL AND RESEARCH CENTRE,rlhenquiry@gmail.com,9482505108,3/10/2025,3/10/2025,13/5/2026,8900080190153,Empaneled,Sampath TS,145,11,NO 21-1 LAKSHMIPURA MAIN ROAD,LAKSHMIPURA MAIN ROAD,OPP LAKSHMIPURA LAKE VIDYARANYAPURA POST,BANGALORE,No,N/A,KARNATAKA,560097,CHKPS1794N,13.8,77.53,BLU06106ALHL2,Others,false,MEMBER SCREATARY AND DISTRICT HEALTH,No,N/A,Hospital,Allopathy and Ayush,Multi Speciality,,Sole Proprietorship,yes,Yes,Yes,Yes,Yes,No,Yes,NABH- Entry Level,No,Yes,Yes,ARUN M,9482505108,rlhenquiry@gmail.com,Yes,2,3,4,60,60,,2011,4:1,3:1,10,0,0,0,2,0,0,2,Yes,1,Yes,Yes,In-house,BLS,Outsourced,In-house,1,1,1,1,0,1,1,0,1,,0,1,1,1,No,Yes,Yes,Yes,Yes,Yes,No,Yes,Yes,No,4,2,3,3,6,2,6,1,1,5,7,1,1,1,1,0,0,2,2,ARUN,rajalakshmihospital2011@gmail.com,9482505108,ARUN,rajalakshmihospital2011@gmail.com,9482505108,DR GIRISH H R,rajalakshmihospital2011@gmail.com,9482505108,DR SUMAN G,drsumanraj6@gmail.com,9986046906,VASANTH,rajalakshmihospital2011@gmail.com,9482505108,DR SUMAN G,drsumanraj6@gmail.com,9986046906,BALAJI,rajalakshmihospital2011@gmail.com,9482505108,913020019071630,UTIB0001097,Current,AXIS BANK LTD,Uploaded,Uploaded,Uploaded,Uploaded,Uploaded,Uploaded,Uploaded,Uploaded,Uploaded,Uploaded,Uploaded,Uploaded,Uploaded,Uploaded,Uploaded,N/A,Uploaded,N/A,N/A,N/A,N/A,Uploaded,Uploaded,Uploaded,Uploaded,Uploaded,Uploaded,Uploaded,Uploaded,Uploaded,Uploaded,Uploaded,Uploaded,Uploaded,DR SUMAN G,drsumanraj6@gmail.com,9986046906,Yes,Yes,No,Yes,Yes,Yes,No,No,No,Yes,No,Yes,No,Yes,Yes,Yes,Yes,Yes,Yes,Yes,In-house,In-house,In-house,In-house,In-house,In-house,In-house,In-house,In-house,In-house
1005250,SUNRISE HOSPITAL,drsunrisehospital@gmail.com,9644332209,30/9/2025,30/9/2025,7/5/2026,8900080487512,Empaneled,Sanat Khatri,175,25,"17, satellite township main road near bijalpur",nihalpur mundi road,,indore,No,N/A,MADHYA PRADESH,452012,AFXPT1525R,24.5603,73.7187,NH1989DEC2020,"Madhya Pradesh Upcharya Griha Tatha Rujopchar Sanbabdu Sthapana Adhiniyam, 1973",false,CMHO madhya pradesh indore,No,N/A,Hospital,Allopathy,Multi Speciality,,Sole Proprietorship,yes,Yes,Yes,Yes,Yes,Yes,No,,Yes,Yes,Yes,sunrise hospital,9644332209,drsunrisehospital@gmail.com,Yes,8,10,6,13,8,,2020,30:3,4:2,3,2,0,2,8,0,0,2,Yes,1,Yes,Yes,In-house,BLS,Outsourced,In-house,1,1,1,1,0,0,0,1,1,,1,1,1,0,Yes,Yes,Yes,Yes,Yes,No,No,Yes,Yes,No,39,18,32,5,10,4,27,4,4,2,4,2,2,3,2,2,2,2,3,MADHURI DAMOR,drsunrisehospital@gmail.com,9644332209,,,,,,,,,,NANDANI KACHHAWA,nandani.sunrisehospital@gmail.com,9977166060,DR SURENDRA SINGH TANWAR,drsunrisehospital@gmail.com,9826063547,,,,43526996311,SBIN0061106,Current,STATE BANK OF INDIA,Uploaded,Uploaded,Uploaded,Uploaded,Uploaded,Uploaded,Uploaded,Uploaded,N/A,Uploaded,Uploaded,Uploaded,Uploaded,N/A,N/A,N/A,N/A,N/A,N/A,N/A,N/A,N/A,N/A,N/A,N/A,N/A,N/A,N/A,N/A,N/A,N/A,N/A,Uploaded,Uploaded,NANDANI KACHHAWA,nandani.sunrisehospital@gmail.com,9977166060,Yes,Yes,No,Yes,Yes,Yes,Yes,Yes,No,Yes,Yes,No,No,Yes,Yes,Yes,Yes,Yes,Yes,Yes,Outsourced,Outsourced,Outsourced,Not Available,In-house,Outsourced,Outsourced,Outsourced,Outsourced,Outsourced
1005082,OM NETRALAY AND OM POLYCLINIC,omnetralayandpolyclinic@gmail.com,9920310310,26/9/2025,23/12/2025,18/5/2026,8900080576940,Empaneled,Dr Priti Gupta,47,2," Office No 01,(Part),1st Floor, Varun CHS","Swami Samarth Marg ,","Pant Nagar, Ghatkopar East Opp Multipurpose Technical School",Mumbai							,No,N/A,MAHARASHTRA,400075,AEXPN7220A,19.084789,72.913968,887882102,"Bombay Nursing Homes Registration Act, 1949",,Medical officer of Health MCGM,No,N/A,Day Care,Allopathy,Single,Ophthalmology (Eye Care),Sole Proprietorship,no,Yes,Yes,Yes,Yes,Yes,Yes,NABH- Entry Level,No,Yes,Yes,Dr Vikram S Nakhate,9920310310,vikramnakhate@gmail.com,Yes,2,0,0,0,35,,2021,1:1,1:1,0,0,0,0,0,0,0,0,No,0,No,Yes,Outsourced,,Outsourced,Outsourced,0,1,0,0,0,0,0,0,0,,0,0,0,0,Yes,No,Yes,Yes,Yes,No,Yes,Yes,Yes,Yes,1,0,1,0,1,0,0,0,0,0,0,1,0,0,0,0,0,0,2,Prajal Gaikwad							,omnetralayandpolyclinic@gmail.com,8850277221,Prajal Gaikwad							,omnetralayandpolyclinic@gmail.com,8850277221,Dr Vikram Nakhate,vikramnakhate@gmail.com,9920310310,Dr Vikram Nakhate,vikramnakhate@gmail.com,9920310310,Anita Dalvi							,omnetralayandpolyclinic@gmail.com,8850277221,Dr Vikram Nakhate,vikramnakhate@gmail.com,9920310310,Chinmay Mahakal,omnetralayandpolyclinic@gmail.com,8850277221,002605012182,ICIC0000026,Current,ICICI Bank Ltd,Uploaded,Uploaded,Uploaded,Uploaded,Uploaded,Uploaded,N/A,Uploaded,Uploaded,Uploaded,Uploaded,Uploaded,Uploaded,N/A,N/A,N/A,N/A,N/A,N/A,N/A,N/A,Uploaded,Uploaded,Uploaded,Uploaded,N/A,Uploaded,Uploaded,N/A,N/A,N/A,N/A,Uploaded,Uploaded,Dr Vikram Nakhate,vikramnakhate@gmail.com,9920310310,No,No,No,No,No,No,No,No,No,No,No,No,Yes,No,No,No,No,No,No,No,Outsourced,Outsourced,Outsourced,Outsourced,Outsourced,Outsourced,Outsourced,Outsourced,Outsourced,Outsourced
1004855,MARVEL HOSPITAL PVT LTD,marvelhospital2@gmail.com,8516921002,22/9/2025,22/9/2025,3/2/2026,8900080600331,Empaneled,,172,29,C02 LAXMI VIHAR OPP H.P PETROL PUMP NEAR D MART AYODHYA BY PASS ROAD, AYODHYA BYPASS BHOPAL,,BHOPAL,No,N/A,MADHYA PRADESH,462041,AAPCM8719E,23.28,77.448657,NH0119NOV23,"Madhya Pradesh Upcharya Griha Tatha Rujopchar Sanbabdu Sthapana Adhiniyam, 1973",false,CHIEF MEDICAL HEALTH OFFICER BHOPAL,Yes,2310021970,Hospital,Allopathy,Multi Speciality,,Private Limited Company,yes,Yes,Yes,Yes,Yes,Yes,Yes,NABH- Entry Level,No,Yes,Yes,MR PRASHANT SHRIVASTAVA,8516921002,MARVELHOSPITAL2@GMAIL.COM,Yes,8,7,14,7,6,,2023,1:6,1:6,12,0,6,0,3,0,2,2,Yes,1,Yes,Yes,Outsourced,,Outsourced,In-house,2,0,0,1,0,0,0,0,1,,0,0,5,1,Yes,Yes,Yes,Yes,Yes,No,Yes,Yes,Yes,Yes,3,14,14,2,12,3,4,1,1,4,12,2,1,1,1,1,1,1,1,MISS RAKHI GOKHE,marvelhospital2@gmail.com,8516921002,MISS POOJA RAJPUT,marvelhospital2@gmail.com,6267378233,DR KRITI SRIVASTAVA,marvelhospital2@gmail.com,9455509335,MR PRASHANT SHRIVASTAVA,marvelhospital1@gmail.com,8516921002,DR PRATIK NAYAR,marvelhospital2@gmail.com,8516921002,DR VISHAL SHRIVASTAVA,marvelhospital1@gmail.com,9168702308,DR PRATIK NAYAR,marvelhospital2@gmail.com,8516921002,50200071298030,HDFC0002780,Current,HDFC BANK,Uploaded,Uploaded,Uploaded,Uploaded,Uploaded,Uploaded,N/A,N/A,Uploaded,Uploaded,Uploaded,Uploaded,Uploaded,Uploaded,Uploaded,Uploaded,Uploaded,N/A,N/A,N/A,N/A,Uploaded,Uploaded,Uploaded,N/A,Uploaded,Uploaded,N/A,Uploaded,Uploaded,N/A,N/A,Uploaded,Uploaded,DR VISHAL SHRIVASTAVA,marvelhospital1@gmail.com,9168702308,Yes,Yes,Yes,Yes,Yes,Yes,Yes,No,Yes,Yes,No,Yes,Yes,Yes,Yes,Yes,Yes,Yes,Yes,No,In-house,Outsourced,Outsourced,In-house,In-house,Outsourced,In-house,Outsourced,Outsourced,Outsourced
1004332,Maxheal Multispeciality Hospital,mmhrauindore06@gmail.com,8770383903,12/9/2025,23/9/2025,14/4/2026,8900080708877,Empaneled,Sanat Khatri,151,19,"2121, AB Rd, near Mamaji Sweet and Namkeen, Rau, Indore, Madhya Pradesh 453331","2121, AB Rd, near Mamaji Sweet and Namkeen, Rau, Indore, Madhya Pradesh 453331",,Indore,No,N/A,MADHYA PRADESH,453331,ABHFR2673L,22.636383,75.810692,NH5101JUL202,"Madhya Pradesh Upcharya Griha Tatha Rujopchar Sanbabdu Sthapana Adhiniyam, 1973",false,OFFICE OF THE CHIEF MEDICAL HEALTH OFFICER,No,N/A,Hospital,Allopathy,Multi Speciality,,Partnership Firm,yes,Yes,Yes,Yes,Yes,Yes,No,,No,Yes,Yes,DR JAYESH CHOUDHARY,8770383903,mmhrauindore06@gmail.com,Yes,6,6,4,10,6,,2025,12:1,5:1,10,0,4,3,1,0,0,3,Yes,3,Yes,Yes,Outsourced,,Outsourced,In-house,1,1,1,1,0,1,0,0,1,,0,0,3,1,Yes,Yes,Yes,Yes,Yes,No,Yes,Yes,Yes,Yes,3,3,2,1,17,1,1,1,1,1,17,3,1,2,2,0,0,1,1,ANKIT PATHAK,mmhrauindore06@gmail.com,9589992222,,mmhrauindore06@gmail.com,,DR JAYESH CHOUDHARY,mmhrauindore06@gmail.com,,DR JAYESH CHOUDHARY,mmhrauindore06@gmail.com,,DR JAYESH CHOUDHARY,mmhrauindore06@gmail.com,,DR JAYESH CHOUDHARY,mmhrauindore06@gmail.com,8770383903,,mmhrauindore06@gmail.com,,5809925546,CBIN0285159,Current,CENTRAL BANK OF INDIA,Uploaded,Uploaded,Uploaded,Uploaded,Uploaded,Uploaded,Uploaded,Uploaded,N/A,Uploaded,Uploaded,Uploaded,Uploaded,N/A,N/A,N/A,N/A,N/A,N/A,N/A,N/A,N/A,Uploaded,Uploaded,N/A,Uploaded,Uploaded,N/A,Uploaded,Uploaded,Uploaded,Uploaded,Uploaded,Uploaded,DR JAYESH CHOUDHARY,mmhrauindore06@gmail.com,8770383903,Yes,Yes,Yes,Yes,Yes,Yes,No,No,Yes,No,No,Yes,No,Yes,Yes,Yes,Yes,Yes,Yes,No,In-house,In-house,Outsourced,In-house,In-house,Outsourced,In-house,Outsourced,In-house,In-house
1003575,PATARIA HOSPITAL (A UNIT OF PATARIA HEALTHCARE PVT LTD.),patariacashlesskandivali@gmail.com,8655661621,30/8/2025,29/9/2025,7/4/2026,8900080671506,Empaneled,Swapnil Bhandare,167,8,"1 ST FLOOR, AXIOM MILAN BUILDING",DATTA MANDIR ROAD,"DHANUKAR WADI, KANDIVALI (WEST)", MUMBAI,No,N/A,MAHARASHTRA,400067,AAPCP1315D,19.21030,72.83788,888054141,"Bombay Nursing Homes Registration Act, 1949",false,BRIHANMUMBAI MUNICIPAL CORPORATION,No,N/A,Hospital,Allopathy,Multi Speciality,,Sole Proprietorship,yes,Yes,Yes,Yes,Yes,Yes,No,,No,Yes,Yes,DR MIKHIL PATARIA,8655661621,patariacashlesskandivali@gmail.com,Yes,3,4,0,5,5,,2025,1:3,1:3,7,0,0,0,0,0,0,1,Yes,1,Yes,Yes,Outsourced,,Outsourced,Outsourced,0,1,0,1,0,0,0,0,0,,0,0,0,0,Yes,Yes,Yes,Yes,Yes,No,Yes,Yes,Yes,Yes,10,10,3,5,10,4,3,3,3,10,10,2,2,1,2,0,0,1,6,Neeta Pataria,patariacashlesskandivali@gmail.com,7021445506,Ms Manju,patariacashlesskandivali@gmail.com,8655661619,Dr Shivraj Pataria,patariacashlesskandivali@gmail.com,8591949522,Dr Mikhil Pataria,patariacashlesskandivali@gmail.com,8104973218,Smita,patariacashlesskandivali@gmail.com,8655661619,Dr Mikhil Pataria,patariacashlesskandivali@gmail.com,8104973218,Neeta Pataria,patariacashlesskandivali@gmail.com,7021445506,058505006226,ICIC0000585,Current,ICICI BANK,Uploaded,Uploaded,N/A,N/A,N/A,N/A,N/A,N/A,N/A,N/A,N/A,N/A,N/A,N/A,N/A,N/A,N/A,N/A,N/A,N/A,N/A,Uploaded,N/A,N/A,N/A,N/A,N/A,N/A,N/A,N/A,N/A,N/A,Uploaded,Uploaded,Dr Mikhil Pataria,patariacashlesskandivali@gmail.com,8104973218,Yes,Yes,No,Yes,Yes,Yes,No,Yes,No,No,No,No,No,Yes,No,Yes,Yes,No,No,No,Outsourced,Outsourced,Outsourced,Outsourced,In-house,Outsourced,Outsourced,Outsourced,Outsourced,Outsourced
1003560,SANT CITY,hospitalsantcity@gmail.com,7554161328,29/8/2025,2/9/2025,29/4/2026,8900080616288,Empaneled,Mr Anil Mehra,140,13,PLOT NO 04,OLD DAIRY FARM,BAIRAGARH,BHOPAL,No,N/A,MADHYA PRADESH,462030,AFEFS3143P,23.271620,77.340233,NH0714FEB2924,Others,false,CHIEFMEDICALHEALTHOFFICER,No,N/A,Hospital,Allopathy,Multi Speciality,,Sole Proprietorship,yes,Yes,Yes,Yes,Yes,No,Yes,,No,Yes,Yes,SHYAM MEWADA,7554161328,hospitalsantcity@gmail.com,Yes,10,2,1,250,500,,2024,4:1,2:1,4,0,0,0,0,0,0,1,Yes,1,Yes,Yes,Outsourced,,Outsourced,In-house,1,0,1,1,0,0,0,0,0,,0,0,1,0,Yes,Yes,Yes,Yes,Yes,No,Yes,Yes,Yes,Yes,2,12,3,0,10,2,6,1,1,3,10,2,1,1,1,0,0,3,3,SHYAM,hospitalsantcity@gmail.com,8720835437,KAJAL,hospitalsantcity@gmail.com,9755219600,DRPRACHIPATHAK,hospitalsantcity@gmail.com,9755219600,DRPRACHIPATHAK,hospitalsantcity@gmail.com,9755219600,SHYAM,hospitalsantcity@gmail.com,9755219600,MRS DIVYANSHI,hospitalsantcity@gmail.com,9039205864,CHADNI,hospitalsantcity@gmail.com,9755219600,8051200202,KKBK0005893,Current,KOTAK MAHINDRA BANK,Uploaded,Uploaded,Uploaded,Uploaded,Uploaded,Uploaded,N/A,Uploaded,N/A,Uploaded,Uploaded,Uploaded,Uploaded,N/A,N/A,N/A,N/A,N/A,N/A,N/A,N/A,N/A,N/A,N/A,N/A,N/A,N/A,N/A,N/A,N/A,N/A,N/A,Uploaded,Uploaded,MRS DIVYANSHI,hospitalsantcity@gmail.com,9039205864,Yes,Yes,No,Yes,Yes,No,No,No,No,Yes,Yes,Yes,No,Yes,No,No,No,No,Yes,No,Outsourced,Outsourced,Outsourced,In-house,In-house,Outsourced,In-house,Outsourced,Outsourced,Outsourced
1003526,Tirupati Hospital,tirupatihospitalujjain@gmail.com,8770263952,29/8/2025,29/8/2025,14/4/2026,8900080562554,Empaneled,Sanat Khatri,156,31,30 varuchi marg near freeganj,Varruchi Marg Freeganj,Front Of Gurudwara ,UJJAIN,No,N/A,MADHYA PRADESH,456001,AJVPK0976D,23.177121,75.792027,NH4270APR2025,"Madhya Pradesh Upcharya Griha Tatha Rujopchar Sanbabdu Sthapana Adhiniyam, 1973",false,Chief medical and Health officer,No,N/A,Hospital,Allopathy,Multi Speciality,,Sole Proprietorship,yes,Yes,No,Yes,Yes,No,No,,No,Yes,Yes,Gourav Khatri,8770263952,tirupatihospitalujjain@gmail.com,Yes,18,6,5,4,20,,2025,5:6,4:1,11,0,3,0,0,0,0,7,Yes,2,Yes,Yes,In-house,BLS,Outsourced,In-house,3,1,1,1,0,0,1,0,1,,0,0,15,0,No,Yes,Yes,Yes,Yes,No,Yes,Yes,Yes,Yes,1,5,6,8,12,1,1,1,1,6,12,5,1,2,2,0,0,1,12,Gourav Khatri,gouravkhatri98@gmail.com,8770263952,Gourav Khatri,gouravkhatri98@gmail.com,8770263952,,,,,,,,,,Rupesh Khatri,rnkhatri@gmail.com,9977053471,Mukesh Choudhary,,9977536412,0088102000037402,IBKL0000088,Current,IDBI,Uploaded,Uploaded,Uploaded,Uploaded,Uploaded,Uploaded,N/A,Uploaded,N/A,Uploaded,Uploaded,Uploaded,Uploaded,Uploaded,N/A,N/A,N/A,N/A,N/A,N/A,N/A,Uploaded,Uploaded,Uploaded,N/A,Uploaded,Uploaded,Uploaded,Uploaded,Uploaded,Uploaded,Uploaded,Uploaded,Uploaded,Rupesh Khatri,rnkhatri@gmail.com,9977053471,Yes,Yes,Yes,Yes,Yes,Yes,No,No,Yes,Yes,No,Yes,Yes,Yes,Yes,Yes,No,Yes,Yes,No,In-house,In-house,In-house,Outsourced,In-house,Outsourced,In-house,Not Available,Outsourced,In-house
1003309,JTP HOSPITALS-INDORE,jtpindore24@gmail.com,8511066496,25/8/2025,25/8/2025,16/3/2026,8900080552197,Empaneled,,181,31,3065-E SUDAMA NAGAR,NEAR SHANKARACHARYA GATE,FOOTIKOTHI ROAD,INDORE,No,N/A,MADHYA PRADESH,452009,AAMCA5051C,22.6882,75.8256,NH4022MAR2025,Clinical Establishments Act,false,MADHYA PRADESH UPCHARYA GRIHA,No,N/A,Hospital,Allopathy,Multi Speciality,,Public Limited Company – Listed,yes,Yes,Yes,Yes,Yes,Yes,No,,No,Yes,Yes,NISHANT MAKADIA,8511066496,jtpindore24@gmail.com,Yes,10,6,10,8,10,,2024,2:1,2:1,5,1,3,1,2,1,1,3,Yes,0,Yes,Yes,In-house,BLS,Outsourced,In-house,1,1,1,5,1,1,1,1,1,,0,1,1,1,Yes,Yes,Yes,Yes,Yes,Yes,Yes,Yes,Yes,Yes,3,5,2,2,16,1,1,2,3,2,25,6,1,1,1,1,1,1,2,NISHANT MAKADIA,jtpindore24@gmail.com,8511066496,,,,,,,,,,,,,NEERAJ LAAD,jtpindore24@gmail.com,8269053653,,,,924020004880973,UTIB0002507,Current,AXIS BANK,Uploaded,Uploaded,Uploaded,Uploaded,Uploaded,Uploaded,Uploaded,Uploaded,N/A,Uploaded,Uploaded,Uploaded,Uploaded,N/A,Uploaded,N/A,N/A,N/A,N/A,N/A,N/A,N/A,N/A,N/A,N/A,N/A,N/A,N/A,N/A,N/A,N/A,N/A,Uploaded,Uploaded,DR. TUSHAR PATEL,jtpindore24@gmail.com,8511066496,Yes,Yes,Yes,Yes,Yes,Yes,Yes,No,Yes,Yes,Yes,Yes,Yes,Yes,Yes,Yes,Yes,Yes,Yes,No,In-house,In-house,In-house,Outsourced,In-house,Outsourced,In-house,Outsourced,Outsourced,In-house
1003257,LOTUS HOSPITAL,lotushospital0708@gmail.com,9303089355,24/8/2025,24/8/2025,16/3/2026,8900080522022,Empaneled,,154,35,"69, VARRUCHI MARG ",FREEGANJ,NEAR SHAHID PARK,UJJAIN,No,N/A,MADHYA PRADESH,456010,AAJFL0982H,21.229098,72.858659,NH5628,Others,false,OFFICE OF THE CHIEF MEDICAL HEALTH UJJAIN,Yes,2310015586,Hospital,Allopathy,Multi Speciality,,Partnership Firm,yes,Yes,Yes,Yes,Yes,Yes,Yes,NABH- Entry Level,No,Yes,Yes,KARAN PANDYA,9303089355,lotushospital0708@gmail.com,Yes,20,6,9,6,6,,2022,4:1,4:1,10,0,4,0,2,0,0,3,Yes,0,Yes,Yes,Outsourced,ALS,Outsourced,Outsourced,2,2,1,1,0,0,0,0,1,,0,0,10,1,Yes,Yes,Yes,Yes,Yes,No,Yes,Yes,Yes,Yes,1,5,5,0,34,2,4,1,1,6,34,9,3,4,3,0,0,4,6,PAYAL PATIDAR,lotushospital0708@gmail.com,9303089355,KARAN PANDYA,lotushospital0708@gmail.com,9753495990,DR. NARENDRA KUMAR PATEL,lotushospital0708@gmail.com,8878987778,DR. NARENDRA KUMAR PATEL,lotushospital0708@gmail.com,8878987778,KARAN PANDYA,lotushospital0708@gmail.com,9753495990,AMIT PATEL,lotushospital0708@gmail.com,8878987778,PRATHVI RAJ CHOUHAN,lotushospital0708@gmail.com,9303089355,57710400000450,BARB0FREEGA,Current,BANK OF BARODA,Uploaded,Uploaded,Uploaded,Uploaded,Uploaded,Uploaded,Uploaded,Uploaded,N/A,Uploaded,Uploaded,Uploaded,Uploaded,Uploaded,Uploaded,N/A,Uploaded,Uploaded,Uploaded,N/A,N/A,N/A,N/A,N/A,N/A,N/A,N/A,N/A,N/A,N/A,N/A,N/A,Uploaded,Uploaded,AMIT PATEL,lotushospital0708@gmail.com,8878987778,Yes,Yes,Yes,Yes,Yes,Yes,No,No,No,No,No,Yes,No,Yes,No,No,No,Yes,Yes,No,Outsourced,Outsourced,Outsourced,Outsourced,Outsourced,Outsourced,In-house,Not Available,Outsourced,In-house
1002981,PINNACLE HOSPITAL,tpa.pinnaclehospital@gmail.com,9320748881,20/8/2025,8/9/2025,26/3/2026,8900080696938,Empaneled,Dr Sachin Gaikwad,142,13,"6 TH FLOOR, NORTHERN SUPREMUS BUILDING, B-WING",SHANTI NAGAR,"NEAR CELEBRATION HOTEL, DAHISAR EAST",MUMBAI ,No,N/A,MAHARASHTRA,400068,CRKPS5349P,19.2482,72.8643,888080917,"Bombay Nursing Homes Registration Act, 1949",false,BOMBAY NURSING HOMES REGISTRATION ACT 1949,No,N/A,Hospital,Allopathy,Multi Speciality,,Sole Proprietorship,yes,Yes,Yes,Yes,Yes,Yes,No,,No,Yes,Yes,Dr Rakesh Singh,9320748881,tpa.pinnaclehospital@gmail.com,Yes,4,6,1,11,10,,2025,1:8,1:5,3,0,0,0,0,0,0,2,Yes,1,Yes,Yes,Outsourced,,Outsourced,Outsourced,0,1,0,1,0,0,0,0,0,,0,0,0,0,Yes,Yes,Yes,Yes,Yes,No,Yes,Yes,Yes,Yes,4,7,2,2,10,1,2,1,3,3,10,1,1,1,1,0,0,0,11,MR. RAJIV TOTADE,tpa.pinnaclehospital@gmail.com,9730190029,,,,,,,,,,,,,DR. NITU SINGH,tpa.pinnaclehospital@gmail.com,9594892793,,,,10181180853,IDFB0040111,Current,IDFC FIRST BANK,Uploaded,Uploaded,Uploaded,Uploaded,Uploaded,Uploaded,N/A,Uploaded,N/A,Uploaded,Uploaded,Uploaded,Uploaded,N/A,Uploaded,N/A,Uploaded,N/A,N/A,N/A,N/A,N/A,Uploaded,N/A,N/A,Uploaded,Uploaded,N/A,Uploaded,N/A,N/A,N/A,Uploaded,Uploaded,DR. NITU SINGH,tpa.pinnaclehospital@gmail.com,9594892793,Yes,Yes,No,Yes,Yes,No,No,No,No,No,No,No,No,No,No,No,Yes,No,Yes,No,In-house,In-house,In-house,In-house,In-house,Outsourced,In-house,Outsourced,Outsourced,In-house
1002936,Matru Multispeciality Hospital,doctormnh@yahoo.in,9036195295,20/8/2025,20/8/2025,29/1/2026,8900080188976,Empaneled,,224,74,"NO 425, 6TH MAIN, 3RD BLOCK, 3RD STAGE",BASAVESHWARANAGAR,,BANGALORE,No,N/A,KARNATAKA,560079,AENPM4782Q,12.99,77.54,BLU05009ALSSH,Others,false,Government of Karnataka,No,N/A,Hospital,Allopathy,Multi Speciality,,Sole Proprietorship,yes,Yes,Yes,Yes,Yes,Yes,Yes,NABH- Entry Level,No,Yes,Yes,SANJAY,9036195295,doctormnh@yahoo.in,Yes,23,26,16,7,7,,1985,4,3,8,2,8,0,2,1,2,6,Yes,4,Yes,Yes,Outsourced,,Outsourced,In-house,2,2,1,1,0,3,1,0,1,,0,0,1,0,Yes,Yes,Yes,Yes,Yes,No,Yes,Yes,Yes,Yes,15,20,10,4,35,1,2,2,2,20,35,2,1,1,3,1,1,3,2,sanju,matruinsurance@gmail.com,9036195295,SANJU KUMAR P J,doctormnh@yahoo.in,9632906325,DR KRISHNA RAJENDRA,drmatru@yahoo.co.in,9980544746,MAHENDRA S K,drmatru@yahoo.co.in,9845311799,VIJAYALAKSHMI MAHENDRA,matruhospitalgroup@gmail.com,7337657009,PREETI MAHENDRA,contact.preetimahendra@gmail.com,8310095874,KIRAN,matruhospitalmarketing@gmail.com,8123402574,50200038809762,HDFC0000361,Current,hdfc bank,Uploaded,Uploaded,Uploaded,Uploaded,Uploaded,Uploaded,N/A,Uploaded,Uploaded,Uploaded,Uploaded,Uploaded,Uploaded,N/A,Uploaded,N/A,Uploaded,N/A,N/A,Uploaded,N/A,Uploaded,Uploaded,Uploaded,Uploaded,Uploaded,Uploaded,Uploaded,Uploaded,Uploaded,Uploaded,Uploaded,Uploaded,Uploaded,mahendra s k,drmatru@yahoo.co.in,9845311799,Yes,Yes,Yes,Yes,Yes,Yes,Yes,Yes,Yes,Yes,No,Yes,Yes,Yes,Yes,Yes,Yes,Yes,Yes,Yes,In-house,In-house,In-house,In-house,In-house,Outsourced,In-house,Outsourced,Outsourced,In-house
1002725,Sumangal Hospital,sumangalhospitalkalyaneast@gmail.com,8424930557,16/8/2025,16/8/2025,22/4/2026,8900080484023,Empaneled,Dr Sachin Gaikwad,84,8,1ST FLOOR  SAHIL COMMERCIAL COMPLEX NEAR, MATOSHREE SCHOOL CHINCHPAD ROAD , KALYAN (E)-421306,MUMBAI,No,N/A,MAHARASHTRA,421306,DPJPK2390E,19.219439,73.139355,002017,"Bombay Nursing Homes Registration Act, 1949",false,BOMBAY NURSING HOME MUMBAI,No,N/A,Hospital,Allopathy,Multi Speciality,,Partnership Firm,yes,Yes,Yes,Yes,Yes,Yes,No,,No,Yes,Yes,DR AVINASH KAWALE,8424930557,sumangalhospitalkalyaneast@gmail.com,Yes,4,2,2,0,0,,2023,1:02,1:3,2,0,0,0,0,0,0,0,Yes,0,Yes,Yes,Outsourced,,In-house,In-house,0,1,1,0,0,0,0,0,0,,0,0,0,0,Yes,No,Yes,Yes,Yes,Yes,No,Yes,Yes,Yes,0,0,2,0,6,0,3,0,0,0,5,2,0,0,0,0,0,0,5,DR NAWAL MUJAWAR,sumangalhospitalkalyaneast@gmail.com,8424930557,DR NAWAL MUJAWAR,sumangalhospitalkalyaneast@gmail.com,8424930557,DR AVINASH KAWALE,sumangalhospitalkalyaneast@gmail.com,8424930557,DR AVINASH KAWALE,sumangalhospitalkalyaneast@gmail.com,8424930557,DR NAWAL MUJAWAR,sumangalhospitalkalyaneast@gmail.com,8424930557,DR AVINASH KAWALE,sumangalhospitalkalyaneast@gmail.com,8424930557,RAKESH BHALEKAR,sumangalhospitalkalyaneast@gmail.com,8424930557,023011100000343,KJSB0000023,Current,THE KALYAN JANATA SAHAKARI BANK LTD,Uploaded,Uploaded,Uploaded,Uploaded,Uploaded,Uploaded,N/A,Uploaded,N/A,Uploaded,Uploaded,Uploaded,Uploaded,N/A,N/A,N/A,N/A,N/A,N/A,N/A,N/A,N/A,Uploaded,Uploaded,Uploaded,Uploaded,Uploaded,N/A,N/A,N/A,N/A,Uploaded,Uploaded,Uploaded,DR AVINASH KAWALE,sumangalhospitalkalyaneast@gmail.com,8424930557,Yes,Yes,Yes,Yes,No,Yes,Yes,Yes,No,Yes,No,Yes,Yes,Yes,Yes,No,Yes,Yes,No,No,Outsourced,Outsourced,Outsourced,Outsourced,In-house,In-house,Not Available,Not Available,In-house,In-house
1002683,NURTURE HOSPITAL,tpanurturehospitals@gmail.com,9406856948,15/8/2025,15/8/2025,16/3/2026,8900080626003,Empaneled,,117,15,"PLOT NO. 35 FA, SCH NO. 94, RING ROAD",NEAR WORLD CUP SQUARE,INDORE,INDORE,No,N/A,MADHYA PRADESH,452016,AIOPJ0675N,22.7078,75.9060,NH0835MAR2024,"Madhya Pradesh Upcharya Griha Tatha Rujopchar Sanbabdu Sthapana Adhiniyam, 1973",false,Chief Medical And Health Officer,No,N/A,Hospital,Allopathy,Multi Speciality,,Sole Proprietorship,yes,Yes,Yes,Yes,Yes,Yes,No,,No,Yes,Yes,DR VAIBHAV JAIN,9406856948,tpanurturehospitals@gmail.com,Yes,8,4,3,7,7,,2024,10:1,10:1,0,0,12,8,0,0,0,12,Yes,2,Yes,Yes,In-house,BLS,Not Available,Outsourced,1,1,1,1,0,0,0,0,0,,0,0,0,0,Yes,Yes,Yes,Yes,Yes,No,Yes,Yes,Yes,Yes,2,3,5,1,10,0,3,1,1,1,10,1,1,1,1,1,0,1,1,MR NAGENDRA KUMAR,tpanurturehospitals@gmail.com,7440956948,MISS SONALI SINGH,tpanurturehospitals@gmail.com,7313684890,,,,,,,,,,DR VAIBHAV JAIN,tpanurturehospitals@gmail.com,9406856948,,,,591605000006,ICIC0005916,Current,ICICI BANK,Uploaded,Uploaded,Uploaded,Uploaded,Uploaded,Uploaded,N/A,Uploaded,Uploaded,Uploaded,Uploaded,Uploaded,Uploaded,N/A,Uploaded,N/A,N/A,N/A,N/A,N/A,N/A,N/A,N/A,N/A,N/A,N/A,N/A,N/A,N/A,N/A,N/A,N/A,Uploaded,Uploaded,DR VAIBHAV JAIN,tpanurturehospitals@gmail.com,9406856948,Yes,Yes,No,Yes,Yes,Yes,No,No,Yes,No,No,Yes,Yes,No,Yes,No,Yes,Yes,Yes,No,Outsourced,Outsourced,Outsourced,Outsourced,Outsourced,Not Available,In-house,Not Available,Not Available,In-house
1002648,MANGAL MURTI HOSPITAL AND POLYCLINIC,mangalmurtigorai01@gmail.com,8652074600,14/8/2025,16/8/2025,3/2/2026,8900080111141,Empaneled,Dr Sachin Gaikwad,162,8,plot no.65-68 and  66-69 bunglow plot,"dr b a road, rsc 13, ","gorai sector 01, borivali west",Mumbai,No,N/A,MAHARASHTRA,400091,AHEPM0882F,19.199821,72.842590,761418419,"Bombay Nursing Homes Registration Act, 1949",false,BOMBAY NURSING HOMES,No,N/A,Hospital,Allopathy,Multi Speciality,,Sole Proprietorship,yes,Yes,Yes,Yes,Yes,Yes,No,,No,Yes,Yes,SHILPA KUDTARKAR,8652074600,mangalmurtigorai01@gmail.com,Yes,4,2,2,15,30,,2000,4:1,4:1,4,5,0,0,1,1,2,2,Yes,1,Yes,Yes,In-house,BLS,Outsourced,In-house,0,1,1,1,0,3,0,0,1,,0,0,0,0,Yes,Yes,Yes,Yes,Yes,No,Yes,Yes,Yes,Yes,20,15,4,2,6,1,3,3,1,2,6,1,1,2,2,0,2,2,3,SHILPA KUDATARKAR,mangalmurtigorai01@gmail.com,8652074600,SUSHANT SOGAM,mangalmurtigorai01@gmail.com,8600504711,DR.SANDEEP BHENDAWADEKAR,mangalmurtigorai01@gmail.com,9152096039,DR.BHARAT T MAHALE,mangalmurtigorai01@gmail.com,9821210234,DR.RAJSHEKHAR TIWARI,mangalmurtigorai01@gmail.com,9820783967,DR.BHARAT T MAHALE,mangalmurtigorai01@gmail.com,9821210234,SHRIKANT BHOSALE,mangalmurtigorai01@gmail.com,8169961689,34320200000501,BARB0GORAIX,Current,BANK OF BARODA,Uploaded,Uploaded,Uploaded,Uploaded,Uploaded,Uploaded,N/A,Uploaded,N/A,Uploaded,Uploaded,Uploaded,Uploaded,Uploaded,Uploaded,Uploaded,Uploaded,N/A,N/A,N/A,N/A,N/A,Uploaded,Uploaded,Uploaded,Uploaded,Uploaded,Uploaded,N/A,N/A,N/A,Uploaded,Uploaded,Uploaded,DR.BHARAT T MAHALE,mangalmurtigorai01@gmail.com,9821210234,Yes,Yes,Yes,Yes,Yes,Yes,Yes,No,No,Yes,Yes,Yes,No,Yes,Yes,No,Yes,No,Yes,Yes,In-house,In-house,In-house,In-house,In-house,Outsourced,In-house,Outsourced,Outsourced,In-house
1002542,FOCUS EYE CLINIC,tpa.focuseyeclinic@gmail.com,9579939847,13/8/2025,14/8/2025,1/12/2025,8900080684935,Empaneled,Dr Sachin Gaikwad,57,1,A/103 laxmi narayan chs opp nkt collage kharkar ali thane west,KHARKAR ALI THANE ,THANE ,Mumbai,No,N/A,MAHARASHTRA,400601,DKUPS2147P,19.19652,72.97950,TMCZONEA508,"Bombay Nursing Homes Registration Act, 1949",false,THE MUNICIPAL CORPORATION OF THE CITY OF THANE,No,N/A,Day Care,Allopathy,Single,Ophthalmology (Eye Care),Sole Proprietorship,no,Yes,Yes,Yes,Yes,Yes,No,,No,Yes,Yes,KIRTI JADHAV,9579939847,tpa.focuseyeclinic@gmail.com,Yes,1,0,0,0,550,,2018,1:1,1:1,0,0,0,0,0,0,0,0,Yes,0,No,Yes,Not Available,,Not Available,Outsourced,0,1,0,0,0,0,0,0,0,,0,0,0,0,Yes,Yes,Yes,Yes,Yes,No,Yes,Yes,Yes,Yes,1,1,1,1,3,1,1,0,0,0,3,0,0,0,0,0,0,0,0,KIRTEE JADHAV,tpa.focuseyeclinic@gmail.com,9579939847,KIRTEE JADHAV,tpa.focuseyeclinic@gmail.com,9579939847,MOHINI MODAK,tpa.focuseyeclinic@gmail.com,9579939847,MOHINI MODAK,tpa.focuseyeclinic@gmail.com,9579939847,,,,MOHINI MODAK,tpa.focuseyeclinic@gmail.com,9579939847,,,,50200049159180,HDFC0000146,Current,HDFC BANK ,Uploaded,Uploaded,Uploaded,Uploaded,Uploaded,Uploaded,N/A,Uploaded,N/A,Uploaded,Uploaded,Uploaded,Uploaded,N/A,N/A,N/A,N/A,N/A,N/A,N/A,N/A,Uploaded,Uploaded,Uploaded,Uploaded,N/A,Uploaded,N/A,N/A,N/A,N/A,N/A,Uploaded,Uploaded,MOHINI MODAK,tpa.focuseyeclinic@gmail.com,9579939847,No,No,No,No,No,No,No,No,No,No,No,No,Yes,No,No,No,No,No,No,No,Outsourced,Outsourced,Outsourced,Outsourced,Not Available,Not Available,Not Available,Not Available,Not Available,Not Available
1002527,AROHI EYE HOSPITAL,cashless@arohieye.in,9820111315,13/8/2025,17/9/2025,16/1/2026,8900080438651,Empaneled,Dr Sachin Gaikwad,90,2,"105, GR. & 1ST FLOOR, ASTON BUILDING","SUNDERVAN COMPLEX, ",ANDHERI WEST,MUMBAI,No,N/A,MAHARASHTRA,400053,ABBCS2696F,19.1374,72.8260,887881720,"Bombay Nursing Homes Registration Act, 1949",false,BOMBAY NURSING HOMES,No,N/A,Hospital,Allopathy,Single,Ophthalmology (Eye Care),Private Limited Company,yes,Yes,Yes,Yes,Yes,Yes,Yes,NABH- Entry Level,No,Yes,Yes,SANDIP DESAI,9820111315,cashless@arohieye.in,Yes,2,0,0,0,2,,2020,1:1,1:1,0,0,0,0,0,0,0,0,Yes,1,No,Yes,Outsourced,,Outsourced,In-house,0,1,1,0,0,0,0,0,0,,0,0,0,0,Yes,Yes,Yes,Yes,Yes,No,Yes,Yes,Yes,No,0,9,9,0,2,1,2,0,0,2,2,2,0,0,0,0,2,1,2,SANDIP DESAI,cashless@arohieye.in,9820111315,,,,,,,,,,,,,SHRADHA GOEL,cashless@arohieye.in,9820111315,,,,,,,,Uploaded,Uploaded,Uploaded,Uploaded,Uploaded,Uploaded,Uploaded,Uploaded,Uploaded,Uploaded,Uploaded,Uploaded,Uploaded,Uploaded,Uploaded,Uploaded,Uploaded,Uploaded,Uploaded,Uploaded,Uploaded,Uploaded,Uploaded,Uploaded,N/A,N/A,Uploaded,N/A,Uploaded,N/A,N/A,Uploaded,Uploaded,Uploaded,SHRADHA GOEL,cashless@arohieye.in,9820111315,No,No,No,No,No,No,No,No,No,No,No,No,Yes,No,No,No,No,No,No,No,Outsourced,Outsourced,Outsourced,Outsourced,Outsourced,Outsourced,Outsourced,Outsourced,Outsourced,Outsourced
1002518,Vaishnavi Multispeciality Hospital,vaishnavihospital2024@gmail.com,9827558580,13/8/2025,18/8/2025,12/11/2025,8900080688865,Empaneled,,117,18,"C 16, Soubhagya Nagar",Industrial Area ,Semra Road Govindpura ,Bhopal,No,N/A,MADHYA PRADESH,462023,AAYFV3457A,23.266797,77.438365,NH4197APR2025,Clinical Establishments Act,false,Chief Medical and Health Officer,Yes,N2310023065,Hospital,Allopathy,Multi Speciality,,Partnership Firm,yes,Yes,No,Yes,Yes,Yes,No,,No,Yes,Yes,Kamlesh Kumar Jharbade,9827558580,vaishnavihospital2024@gmail.com,Yes,11,2,3,1,56,,2025,1:10,1:5,3,0,0,0,2,0,2,1,Yes,2,Yes,Yes,In-house,BLS,Outsourced,In-house,1,0,1,1,0,0,0,0,1,,0,0,4,1,Yes,No,Yes,Yes,Yes,No,Yes,Yes,Yes,Yes,0,1,2,2,8,1,6,2,2,2,5,2,1,2,0,0,0,1,4,Kamlesh Jharbade,kamlesh9754@gmail.com,9827558580,Gayatri Mehra,vaishnavihospital2024@gmail.com,7000080745,Dr. Sandeep Wagadre,vaishnavihospital2024@gmail.com,7000080745,Dr. Alkesh Wagadre,wdr.alkesh@gmail.com,9827641202,Pooja,vaishnavihospital2024@gmail.com,7974740557,Dr. Pratibha Wagadre,wdr.alkesh@gmail.com,8085918888,Arun Wagadre,arunwagadre11@gmail.com,9039005013,923020064561916,UTIB0003154,Current,AXIS BANK LTD,Uploaded,Uploaded,Uploaded,Uploaded,N/A,Uploaded,N/A,Uploaded,N/A,Uploaded,Uploaded,Uploaded,Uploaded,Uploaded,N/A,N/A,N/A,Uploaded,N/A,N/A,N/A,Uploaded,Uploaded,Uploaded,Uploaded,Uploaded,Uploaded,Uploaded,Uploaded,Uploaded,N/A,Uploaded,Uploaded,Uploaded,Dr. Alkesh Wagadre,wdr.alkesh@gmail.com,9827641202,Yes,Yes,Yes,Yes,Yes,Yes,Yes,No,No,Yes,No,Yes,No,Yes,Yes,Yes,No,No,Yes,No,Outsourced,Outsourced,Outsourced,In-house,In-house,Outsourced,Outsourced,Outsourced,Outsourced,Outsourced
1002444,HP EYE AND RETINA CARE,hpeyeinsurance@gmail.com,7869424356,11/8/2025,13/8/2025,13/5/2026,8900080635470,Empaneled,Mr Anil Mehra,95,5,plot no. 2/3 chatrasal nagar,JK  road behind surjeet hyundai showroom,JK road near bhel bhopal ,bhopal,No,N/A,MADHYA PRADESH,462021,BJZPS1706E,23.2635,77.4597,NH1649JUN2024,"Madhya Pradesh Upcharya Griha Tatha Rujopchar Sanbabdu Sthapana Adhiniyam, 1973",false,CHIEFMEDICALANDHEALTHOFFICER,Yes,N/A,Hospital,Allopathy,Single,Ophthalmology (Eye Care),Sole Proprietorship,yes,Yes,Yes,Yes,Yes,Yes,Yes,,No,Yes,Yes,DR AMIT SRIVASTAVA,7869424356,hpeyeinsurance@gmail.com,Yes,2,2,1,350,400,,2022,5:2,5:2,0,0,0,0,0,0,0,0,Yes,0,Yes,Yes,Outsourced,,Not Available,Outsourced,1,1,1,0,0,0,0,0,0,,0,0,0,0,Yes,No,Yes,Yes,Yes,No,Yes,Yes,Yes,Yes,31,2,1,1,3,2,2,0,0,1,3,1,0,1,1,0,0,1,3,DIKSHA TIWARI,hpeyeinsurance@gmail.com,7089024356,DIKSHA TIWARI,hpeyeinsurance@gmail.com,7089024356,DRJYOTI,hpeyeinsurance@gmail.com,7089024356,AMIT SRIVASTAVA,hpeyeinsurance@gmail.com,7869424356,DRJYOTI,hpeyeinsurance@gmail.com,7089024356,DR AMIT SRIVASTAVA,hpeyeinsurance@gmail.com,7869424356,PK BATHAM,hpeyeinsurance@gmail.com,7089024356,50200092957061,HDFC0005978,Current,HDFC BANK,Uploaded,Uploaded,Uploaded,Uploaded,N/A,Uploaded,N/A,Uploaded,Uploaded,N/A,N/A,N/A,N/A,N/A,N/A,N/A,N/A,N/A,N/A,N/A,N/A,Uploaded,Uploaded,Uploaded,Uploaded,N/A,Uploaded,Uploaded,Uploaded,N/A,Uploaded,Uploaded,Uploaded,Uploaded,DR AMIT SRIVASTAVA,hpeyeinsurance@gmail.com,7869424356,No,No,No,No,No,No,No,No,No,No,No,No,Yes,No,No,No,No,No,No,No,Outsourced,Outsourced,Not Available,Outsourced,Outsourced,Outsourced,Not Available,Not Available,Outsourced,Not Available
1002361,MANJUNATHA NETHRALAYA PVT LTD,manjunathanethralaya2@gmail.com,9036271295,11/8/2025,11/8/2025,16/3/2026,8900080682849,Empaneled,,70,2,22/2 BESIDE INDIAN OIL PETROL BUNK NAGARABHAVI MAIN ROAD,BESIDE INDIAN OIL PETROL BUNK,NAGARBHAVI MAIN ROAD,BANGALORE,No,N/A,KARNATAKA,560078,ACCFM9666L,12.9279,77.5468,BLU10663ALCWO,Others,false,MEMBERSECRETARYANDDISTRCITHEALTHANDWELFAREOFFICER,No,N/A,Hospital,Ayush,Single,Ophthalmology (Eye Care),Private Limited Company,yes,Yes,Yes,Yes,Yes,No,No,,No,Yes,Yes,SUSHMA,9036271295,manjunathanethralaya2@gmail.com,Yes,2,0,0,0,1,,2025,1,1,0,0,0,0,0,0,0,0,No,0,No,Yes,In-house,ALS,Not Available,In-house,0,1,1,1,0,0,0,0,0,,1,0,0,0,No,Yes,Yes,Yes,Yes,No,No,Yes,Yes,No,3,3,3,2,1,1,3,2,0,1,1,4,0,1,1,0,0,1,2,SUSHMA,manjunathanethralaya2@gmail.com,9036271295,RACHANA,manjunathanethralaya2@gmail.com,9036271295,DR MANJUNATH MC,manjunathanethralaya2@gmail.com,9036271295,DR THUNGAPPA K S,thungappa@gmail.com,9741905000,SUSHMA,manjunathanethralaya2@gmail.com,9036271295,DR MANJUNATH MC,manjunathanethralaya2@gmail.com,9148678585,RAMESH,manjunathanethralaya2@gmail.com,9036271295,50200107547908,HDFC0004192,Current,HDFC BANK,Uploaded,Uploaded,Uploaded,Uploaded,Uploaded,Uploaded,N/A,Uploaded,N/A,Uploaded,Uploaded,Uploaded,Uploaded,N/A,N/A,N/A,N/A,N/A,N/A,N/A,N/A,Uploaded,Uploaded,Uploaded,Uploaded,N/A,Uploaded,Uploaded,N/A,N/A,N/A,Uploaded,Uploaded,Uploaded,DR THUNGAPPA K S,thungappa@gmail.com,9741905000,Yes,Yes,No,No,No,No,No,No,No,No,No,No,Yes,Yes,Yes,No,No,No,No,No,Not Available,Not Available,Not Available,Not Available,Outsourced,Not Available,Not Available,Not Available,Not Available,Not Available
1002270,prakash eye care centre,prakasheye27@gmail.com,8286798838,8/8/2025,8/8/2025,12/11/2025,8900080326590,Empaneled,,55,2,"unit no 203, link lotus building",mith chowky signal ,malad west link rd,mumbai 400064,No,N/A,MAHARASHTRA,400064,ADDPB9766A,19.19571,72.83377,887728958,"Bombay Nursing Homes Registration Act, 1949",false,MUNICIPAL CORPORATION OF GREATER MUMBAI,Yes,2710023209,Hospital,Allopathy,Single,Ophthalmology (Eye Care),Sole Proprietorship,no,Yes,Yes,Yes,Yes,Yes,Yes,NABH- Entry Level,No,Yes,Yes,RONAK BHANDARI,8286798838,prakasheye27@gmail.com,Yes,2,0,0,0,5,,2016,1:2,1:2,0,0,0,0,0,0,0,0,Yes,0,No,Yes,Outsourced,,Not Available,Outsourced,0,1,0,0,0,0,0,0,0,,0,0,0,0,Yes,Yes,Yes,Yes,Yes,No,Yes,Yes,Yes,Yes,1,1,1,0,1,1,1,0,0,1,1,1,0,0,0,0,0,0,1,POONAM BHANDARI,prakasheye27@gmail.com,8286798838,SUSHMA,ronakbhandari@hotmail.com,9222975968,ronak,prakasheye27@gmail.com,9820226076,ronak,prakasheye27@gmail.com,9820226076,poonam bhandari,prakasheye27@gmail.com,9222975968,DR RONAK BHANDARI,prakasheye27@gmail.com,9820226076,nirmala bhandari,prakasheye27@gmail.com,9820226076,510101003051691,UBIN0903329,Current,UNION BANK OF INDIA,Uploaded,Uploaded,Uploaded,Uploaded,Uploaded,Uploaded,N/A,Uploaded,Uploaded,Uploaded,Uploaded,Uploaded,Uploaded,N/A,N/A,N/A,N/A,N/A,N/A,N/A,N/A,N/A,Uploaded,Uploaded,Uploaded,N/A,Uploaded,N/A,N/A,N/A,Uploaded,Uploaded,Uploaded,Uploaded,DR RONAK BHANDARI,prakasheye27@gmail.com,9152821611,No,No,No,No,No,No,No,No,No,No,No,No,Yes,No,No,No,No,No,No,No,Outsourced,Outsourced,Outsourced,Outsourced,Outsourced,Not Available,Outsourced,Not Available,Not Available,Not Available
1002045,ANANTA EYE CARE CENTRE,anantaeyecaretpa@gmail.com,8454920155,6/8/2025,7/8/2025,7/5/2026,8900080667747,Empaneled,Dr Priti Gupta,47,1,"101, 1st floor, Ecoheights, Shri Nityanand CHSL",sahar road,"above aarthi scans, near railway colony, andheri east",MUMBAI,No,N/A,MAHARASHTRA,400069,AWSPB3537D,19.11640,72.84718,887965878,"Bombay Nursing Homes Registration Act, 1949",false,BRIHANMUMBAI MUNICIPAL CORPORATION,No,N/A,Day Care,Allopathy,Single,Ophthalmology (Eye Care),Sole Proprietorship,not_applicable,Yes,Yes,Yes,Yes,Yes,Yes,NABH- Entry Level,No,Yes,Yes,ruchita nakate,8454920155,anantaeyecaretpa@gmail.com,Yes,1,0,0,0,4,,2022,1:2,1:1,0,0,0,0,0,0,0,0,No,0,No,Yes,Outsourced,,Not Available,Not Available,0,1,0,0,0,0,0,0,0,,0,0,0,0,Yes,Yes,Yes,Yes,Yes,No,No,Yes,Yes,No,2,0,0,0,1,1,2,0,0,2,1,1,0,0,0,0,1,0,1,deepak indulkar,anantaeyecaretpa@gmail.com,8454920155,RUCHITA NAKATE,anantaeyecaretpa@gmail.com,8454920155,,,,DR SIDDHESH BAPAT,anantaeyecaretpa@gmail.com,9930925424,DR PRIYANKA BAPAT,anantaeyecaretpa@gmail.com,7045413852,DR SIDDHESH BAPAT,anantaeyecaretpa@gmail.com,9930925424,,,,50200085484438,HDFC0000086,Current,HDFC BANK,Uploaded,Uploaded,Uploaded,Uploaded,Uploaded,Uploaded,N/A,Uploaded,Uploaded,Uploaded,Uploaded,Uploaded,Uploaded,N/A,N/A,N/A,N/A,N/A,N/A,N/A,N/A,N/A,Uploaded,Uploaded,Uploaded,N/A,Uploaded,Uploaded,N/A,N/A,N/A,N/A,Uploaded,Uploaded,DR SIDDHESH BAPAT,anantaeyecaretpa@gmail.com,9930925424,No,No,No,No,No,No,No,No,No,No,No,No,Yes,No,No,No,No,No,No,No,Not Available,Not Available,Not Available,Not Available,Not Available,Not Available,Not Available,Not Available,Not Available,Not Available
1002002,Perfect Multispeciality Hospital And Cancer Centre,perfecthospital.bhopal@gmail.com,9294827156,6/8/2025,24/10/2025,12/11/2025,8900080703780,Empaneled,,160,33,"Motia Talab Rd, opp. Taj-ul-Masjid Road","Near Royal Market, Kohefiza","Bhopal, Madhya Pradesh 462001",Bhopal,No,N/A,MADHYA PRADESH,462042,ABEFP4613M,23.2632,77.3939,NH0128NOV2023,Clinical Establishments Act,false,Directorate of Health Services,No,N/A,Hospital,Allopathy,Multi Speciality,,Partnership Firm,yes,Yes,Yes,Yes,Yes,Yes,Yes,NABH- Entry Level,No,Yes,Yes,RAVI YADAV,9294827156,perfecthospital.bhopal@gmail.com,Yes,29,2,2,2,2,,2023,2,1:6,10,0,4,0,0,0,4,1,Yes,1,Yes,Yes,Outsourced,,Outsourced,In-house,0,1,1,0,0,0,0,0,0,,0,0,1,0,Yes,No,Yes,Yes,Yes,Yes,Yes,Yes,Yes,Yes,7,5,2,1,12,4,3,2,3,1,12,3,1,2,1,1,0,1,2,Ravi Yadav,perfecthospital.bhopal@gmail.com,9294827156,RAVI YADAV,perfecthospital.bhopal@gmail.com,9294827156,Dr. Sangeeta Chauhan,perfecthospital.bhopal@gmail.com,9993541848,Dr. Sanjay Sisodiya,perfecthospital.bhopal@gmail.com,9993541848,Anshika,perfecthospital.bhopal@gmail.com,9407727197,Dr. Sanjay Sisodiya,perfecthospital.bhopal@gmail.com,9993541848,RAVI YADAV,perfecthospital.bhopal@gmail.com,9294827156,44359861034,SBIN0010140,Current,State Bank India,Uploaded,Uploaded,Uploaded,Uploaded,Uploaded,Uploaded,N/A,Uploaded,Uploaded,Uploaded,Uploaded,Uploaded,Uploaded,Uploaded,N/A,N/A,Uploaded,Uploaded,N/A,N/A,N/A,Uploaded,Uploaded,Uploaded,Uploaded,Uploaded,Uploaded,Uploaded,Uploaded,Uploaded,Uploaded,N/A,Uploaded,Uploaded,Dr. Sangeeta Chauhan,perfecthospital.bhopal@gmail.com,9993541848,Yes,Yes,Yes,Yes,Yes,Yes,Yes,Yes,Yes,Yes,No,Yes,No,Yes,Yes,Yes,Yes,Yes,Yes,Yes,Outsourced,In-house,Outsourced,In-house,In-house,Outsourced,Outsourced,Outsourced,Outsourced,Outsourced
1001966,SHIVSHAKTI NETRALAYA PRIVATE LIMITED,tpashivshaktinetralaya@gmail.com,8717871135,5/8/2025,5/8/2025,25/11/2025,8900080657847,Empaneled,,65,2,"E.F. 18, SCHEME NO. 54, VIJAY NAGAR",NYAY NAGAR SQUARE,MR 9 ROAD,INDORE,No,N/A,MADHYA PRADESH,452010,ABNCS7757H,22.7578,75.8811,NH3198OCT2024,"Madhya Pradesh Upcharya Griha Tatha Rujopchar Sanbabdu Sthapana Adhiniyam, 1973",false,Chief Medical and Health Officer,No,N/A,Hospital,Allopathy,Single,Ophthalmology (Eye Care),Private Limited Company,yes,Yes,Yes,Yes,Yes,Yes,No,,No,Yes,Yes,DR VIVEK SINGH,8717871135,tpashivshaktinetralaya@gmail.com,Yes,0,2,0,6,6,,2022,5:1,5:1,0,0,0,0,0,0,0,0,Yes,0,No,Yes,Not Available,,Not Available,In-house,1,1,1,0,0,0,0,0,0,,0,0,0,0,Yes,Yes,Yes,Yes,Yes,No,Yes,Yes,Yes,Yes,2,2,2,0,2,0,2,0,0,2,2,1,0,0,0,0,0,1,1,MR KAVYA YOGI,tpashivshaktinetralaya@gmail.com,7879324494,MISS PRERNA SONI,tpashivshaktinetralaya@gmail.com,7879324494,DR BALRAM KHANOTIYA,tpashivshaktinetralaya@gmail.com,9755644191,,,,,,,DR VIVEK SINGH,tpashivshaktinetralaya@gmail.com,8717871135,,,,542905500020,ICIC0005429,Current,ICICI BANK,Uploaded,Uploaded,Uploaded,Uploaded,Uploaded,Uploaded,N/A,Uploaded,Uploaded,Uploaded,Uploaded,Uploaded,Uploaded,N/A,N/A,N/A,N/A,N/A,N/A,N/A,N/A,Uploaded,N/A,N/A,N/A,N/A,N/A,N/A,N/A,N/A,N/A,N/A,Uploaded,Uploaded,DR VIVEK SINGH,tpashivshaktinetralaya@gmail.com,8717871135,No,No,No,No,No,No,No,No,No,No,No,No,Yes,No,No,No,No,No,No,No,Outsourced,Outsourced,Outsourced,Outsourced,Not Available,Not Available,Not Available,Not Available,Not Available,Not Available
1001838,SHAKUNTALA BHATIA NURSING HOME,shakuntalabhatiahospital@gmail.com,9821106294,4/8/2025,4/8/2025,24/2/2026,8900080107410,Empaneled,,73,8,"Ground Floor, Gharkul, Charkop Modern Society, ","Sector-No.1, Charkop, Kandivali West , Mumbai 400067",,MUMBAI,No,N/A,MAHARASHTRA,400067,AACPB7429E,19.2106,72.8257,761497796,"Bombay Nursing Homes Registration Act, 1949",false,MUMBAI MUNICIPAL CORPORATION,No,N/A,Hospital,Allopathy,Single,Other Speciality,Sole Proprietorship,no,Yes,Yes,Yes,Yes,Yes,No,,No,Yes,Yes,DR NARESH BHATIA,9821106294,shakuntalabhatiahospital@gmail.com,Yes,0,4,2,11,0,,1993,1:4,1:2,0,0,0,0,0,0,0,0,Yes,1,Yes,Yes,Outsourced,,Outsourced,Outsourced,0,1,0,0,0,0,0,0,0,,0,0,0,0,Yes,No,Yes,Yes,Yes,No,Yes,Yes,Yes,Yes,1,1,2,2,3,1,1,0,3,1,3,1,1,0,0,0,0,0,1,DR NARESH BHATIA,shakuntalabhatiahospital@gmail.com,9821106294,,,,,,,,,,,,,DR NARESH BHATIA,shakuntalabhatiahospital@gmail.com,9821106294,,,,50200054195577,HDFC0000411,Current,HDFC BANK,Uploaded,Uploaded,Uploaded,Uploaded,Uploaded,Uploaded,N/A,Uploaded,N/A,N/A,Uploaded,Uploaded,Uploaded,N/A,N/A,N/A,N/A,N/A,N/A,N/A,N/A,N/A,Uploaded,Uploaded,N/A,N/A,N/A,N/A,Uploaded,N/A,Uploaded,N/A,Uploaded,Uploaded,DR NARESH BHATIA,shakuntalabhatiahospital@gmail.com,9821106294,No,No,No,No,Yes,No,No,No,No,No,No,No,No,No,No,No,No,No,No,No,Outsourced,Outsourced,Outsourced,Outsourced,Outsourced,Outsourced,In-house,Outsourced,Outsourced,Outsourced
1001729,Netrajyoti Eyecare Centre,tpa.netrajyotieyecare@gmail.com,9821233509,2/8/2025,2/8/2025,24/2/2026,8900080111400,Empaneled,,56,2,"001, Triveni Tower ",Govind Dalvi Road ,Dahisar West ,Mumbai ,No,N/A,MAHARASHTRA,400068,ARPPS5104H,19.2447,72.8585,887985399,"Bombay Nursing Homes Registration Act, 1949",false,Maharashtra Nursing Homes Registration Act 1949,No,N/A,Day Care,Allopathy,Single,Ophthalmology (Eye Care),Sole Proprietorship,no,Yes,Yes,Yes,Yes,Yes,Yes,NABH- Entry Level,No,Yes,Yes,Dr Mihir Shah,9821233509,tpa.netrajyotieyecare@gmail.com,Yes,0,2,0,11,0,,2022,1:02,1:02,0,0,0,0,0,0,0,0,Yes,0,No,Yes,Outsourced,,Outsourced,Outsourced,0,0,1,0,0,0,0,0,0,,0,0,2,0,Yes,No,Yes,Yes,Yes,No,Yes,Yes,Yes,No,1,1,0,2,3,1,1,0,0,0,3,1,0,0,0,0,0,0,1,Dr. Mihir Shah,tpa.netrajyotieyecare@gmail.com,9821233509,,,,,,,,,,,,,Dr. Mihir Shah,tpa.netrajyotieyecare@gmail.com,9821233509,,,,42024660413,SBIN0011691,Current,STATE BANK OF INDIA,Uploaded,Uploaded,Uploaded,Uploaded,Uploaded,Uploaded,N/A,Uploaded,N/A,Uploaded,Uploaded,Uploaded,Uploaded,N/A,N/A,N/A,N/A,N/A,N/A,N/A,N/A,N/A,Uploaded,Uploaded,N/A,N/A,N/A,N/A,N/A,N/A,Uploaded,Uploaded,Uploaded,Uploaded,Dr. Mihir Shah,tpa.netrajyotieyecare@gmail.com,9821233509,No,No,No,No,No,No,No,No,No,No,No,No,Yes,No,No,No,No,No,No,No,Outsourced,Outsourced,Outsourced,Outsourced,Outsourced,Not Available,Not Available,Not Available,Not Available,Not Available
1001589,RIDDHI EYE CLINIC,healthcarebkn@gmail.com,7666665447,1/8/2025,1/8/2025,12/11/2025,8900080106994,Empaneled,,49,4,104 B  S. B Apartment,Carter Road No 5,"Rai Dongari, Borivali East ",MUMBAI  400066,No,N/A,MAHARASHTRA,400066,AAVPS3055Q,19.078062,72.842393,887581496,"Bombay Nursing Homes Registration Act, 1949",false,Health Dept Municipal Corp of Greater Mumbai,Yes,63604606211,Day Care,Allopathy,Single,Ophthalmology (Eye Care),Sole Proprietorship,no,Yes,No,Yes,Yes,Yes,No,,No,Yes,Yes,Cashless Desk,7666665447,healthcarebkn@gmail.com,Yes,0,0,4,0,00,,1995,0,4:1,0,0,0,0,0,0,0,0,No,1,Yes,Yes,Not Available,,Not Available,Outsourced,1,1,0,0,0,0,0,0,0,,0,0,0,0,Yes,No,Yes,Yes,Yes,No,No,Yes,No,No,2,2,0,0,2,0,2,0,0,2,4,1,0,0,0,0,0,0,0,Bharat Jain,healthcarebkn@gmail.com,9982097052,Bills Desk,healthcarebkn@gmail.com,7666665447,Dr Chetan Shah,riddhieye@gmail.com,9821029874,Dr Chetan Shah,riddhieye@gmail.com,9821029874,Dr Chetan Shah,healthcarebkn@gmail.com,9821029874,Dr CHETAN SHAH,riddhieye@gmail.com,9821029874,MarketingDesk,healthcarebkn@gmail.com,9920970528,560131000055706,UBIN0904970,Current,Union Bank of India,Uploaded,Uploaded,Uploaded,Uploaded,Uploaded,Uploaded,N/A,Uploaded,N/A,Uploaded,Uploaded,Uploaded,Uploaded,N/A,N/A,N/A,N/A,N/A,N/A,N/A,N/A,N/A,Uploaded,Uploaded,Uploaded,N/A,Uploaded,Uploaded,N/A,N/A,N/A,N/A,Uploaded,Uploaded,Dr Chetan Shah,healthcarebkn@gmail.com,9821029874,No,No,No,No,No,No,No,No,No,No,No,No,Yes,No,No,No,No,No,No,No,Not Available,Not Available,Not Available,Not Available,Not Available,Not Available,Not Available,Not Available,Not Available,Not Available
1001401,SKY SPARSH HOSPITAL,tpaskysparshhospital@gmail.com,8889994496,31/7/2025,7/8/2025,16/3/2026,8900080588738,Empaneled,,144,26,SKY SPARSH HOSPITAL,SCH NO 54 ,56 VIJAY NAGAR,INDORE,No,N/A,MADHYA PRADESH,452010,AAXPY6241N,22.75,75.89,NH9639,"Madhya Pradesh Upcharya Griha Tatha Rujopchar Sanbabdu Sthapana Adhiniyam, 1973",false,Chief Medical and Health Officer,Yes,2310023366,Hospital,Allopathy,Multi Speciality,,Sole Proprietorship,yes,Yes,Yes,No,Yes,Yes,No,,No,Yes,Yes,MR CHETNAM GOTHWAL,8889994496,tpaskysparshhospital@gmail.com,Yes,12,10,3,6,13,,2023,3:1,3:1,3,0,0,1,0,0,1,2,Yes,1,Yes,Yes,Outsourced,,Outsourced,In-house,1,2,1,1,0,2,0,0,0,,0,0,0,1,Yes,No,Yes,Yes,Yes,No,No,Yes,Yes,Yes,3,15,15,3,10,2,2,1,1,1,3,2,1,1,1,0,0,1,2,CHETNAM GOTHWAL,tpaskysparshhospital@gmail.com,8889994496,SHREYA RATHORE,tpaskysparshhospital@gmail.com,7313519155,DR NIHAL SHAH,tpaskysparshhospital@gmail.com,7313519155,DR SHIV KUMAR YADAV,tpaskysparshhospital@gmail.com,7313519155,MANISH YADAV,tpaskysparshhospital@gmail.com,7313519155,DR SHIV KUMAR YADAV,tpaskysparshhospital@gmail.com,7313519155,,,,50200086344202,HDFC0000404,Current,HDFC BANK,N/A,N/A,Uploaded,N/A,N/A,N/A,N/A,N/A,N/A,N/A,Uploaded,N/A,N/A,N/A,N/A,N/A,N/A,N/A,N/A,N/A,N/A,N/A,N/A,N/A,N/A,N/A,N/A,N/A,N/A,N/A,N/A,N/A,Uploaded,Uploaded,DR SHIV KUMAR YADAV,tpaskysparshhospital@gmail.com,7313519155,Yes,Yes,No,Yes,Yes,Yes,Yes,Yes,No,No,No,No,No,Yes,Yes,No,Yes,Yes,Yes,No,In-house,Outsourced,Outsourced,Outsourced,In-house,Outsourced,Outsourced,Outsourced,Outsourced,Outsourced
1001387,O2 Hospital,tpao2hospital@gmail.com,8181817746,30/7/2025,30/7/2025,12/11/2025,8900080661493,Empaneled,,117,21,"425, SCH NO. 59, NEW SABJI MANDI",AMITESH NAGAR,RAJIV GANDHI CIRCLE,INDORE,No,N/A,MADHYA PRADESH,452014,AAJFO0290P,22.6800,75.8522,NH3270OCT2024,"Madhya Pradesh Upcharya Griha Tatha Rujopchar Sanbabdu Sthapana Adhiniyam, 1973",false,CHIEF MEDICAL AND HEALTH OFFICER,Yes,N2310022677,Hospital,Allopathy,Multi Speciality,,Partnership Firm,yes,Yes,Yes,Yes,Yes,Yes,No,,No,Yes,Yes,SWATI GHAI,8181817746,tpao2hospital@gmail.com,Yes,9,8,1,19,14,,2024,7:1,7:1,2,0,2,0,0,0,0,2,Yes,1,Yes,Yes,Not Available,,Not Available,In-house,1,1,1,1,0,0,0,0,1,,0,0,0,0,Yes,Yes,Yes,Yes,Yes,No,Yes,Yes,Yes,Yes,2,2,4,1,10,1,2,1,1,4,10,1,1,1,1,0,0,1,1,MRS. SWATI GHAI,tpao2hospital@gmail.com,8181817745,MISS POOJA,tpao2hospital@gmail.com,8770703465,DR NIRMAL KUMAR JAIN,tpao2hospital@gmail.com,7999532440,DR SAURABH JAIN,tpao2hospital@gmail.com,9425131597,DR NIRMAL KUMAR JAIN,tpao2hospital@gmail.com,7999532440,DR SAURABH JAIN,tpao2hospital@gmail.com,9425131597,MR GAURAV,o2hospital@gmail.com,8770703465,50200099936220,HDFC0008728,Current,HDFC BANK,Uploaded,Uploaded,Uploaded,Uploaded,Uploaded,Uploaded,N/A,Uploaded,Uploaded,Uploaded,Uploaded,Uploaded,Uploaded,N/A,Uploaded,N/A,N/A,N/A,N/A,N/A,N/A,N/A,N/A,N/A,N/A,N/A,N/A,N/A,N/A,N/A,N/A,N/A,Uploaded,Uploaded,DR SAURABH JAIN,tpao2hospital@gmail.com,9425131597,Yes,Yes,No,Yes,Yes,Yes,No,No,Yes,No,No,Yes,Yes,No,Yes,No,No,Yes,Yes,No,In-house,Outsourced,Outsourced,Not Available,In-house,Not Available,In-house,Not Available,Not Available,In-house
1001271,SWASTIK HOSPITAL AND RESEARCH CENTER,swastikh52@gmail.com,8657260087,29/7/2025,29/7/2025,16/3/2026,8900080108646,Empaneled,Dr Shamika Phapale,130,16,SWASTIK PARK PLOT NO.22,CHEMBUR MUMBAI ,,MUMBAI,No,N/A,MAHARASHTRA,400071,ABBFR6529F,19.06,72.89,761499545,"Bombay Nursing Homes Registration Act, 1949",false,BOMBAY NURSING HOME MUMBAI,No,N/A,Hospital,Allopathy,Multi Speciality,,Partnership Firm,yes,Yes,No,Yes,Yes,No,No,,No,Yes,No,AITAF SAYYED,8657260087,swastikh52@gmail.com,Yes,10,6,0,1,2,,1997,2:50,2:10,10,0,0,0,10,0,0,3,No,1,Yes,Yes,Outsourced,,Outsourced,Outsourced,0,1,1,1,0,0,0,0,0,,0,0,0,0,Yes,Yes,Yes,Yes,Yes,Yes,Yes,Yes,Yes,Yes,3,3,3,2,25,0,25,0,0,0,25,0,0,0,0,0,0,0,0,AITAF SAYYED,swastikh52@gmail.com,8657260087,PRIYANKA KAMBLE,swastikh52@gmail.com,7900064824,,,,DR. AMIT SHOBHAVAT,swastikh52@gmail.com,9820641268,GULAB DHANRAJ,swastikh52@gmail.com,9967808429,DR. AMIT SHOBHAVAT,swastikh52@gmail.com,9820641268,RAM GHODESWAR,swastikh52@gmail.com,8850872332,120805500352,ICIC0001208,Current,ICICI BANK,Uploaded,Uploaded,Uploaded,Uploaded,Uploaded,Uploaded,Uploaded,Uploaded,N/A,Uploaded,Uploaded,Uploaded,Uploaded,N/A,Uploaded,N/A,N/A,N/A,N/A,N/A,N/A,N/A,N/A,N/A,N/A,N/A,N/A,N/A,N/A,N/A,N/A,N/A,Uploaded,Uploaded,DR. AMIT SHOBHAVAT,swastikh52@gmail.com,9820641268,Yes,Yes,No,Yes,Yes,Yes,Yes,No,No,Yes,No,Yes,No,Yes,Yes,No,Yes,Yes,Yes,No,Outsourced,Outsourced,Outsourced,Outsourced,In-house,Outsourced,In-house,Outsourced,Outsourced,In-house
1001268,TRINETRA HOSPITAL INDORE,insurancedesk.trinetrahospital@gmail.com,8818884402,29/7/2025,21/11/2025,14/4/2026,8900080626621,Empaneled,Sanat Khatri,144,21,192/12 PATNIPURA MALWA MILL ROAD INDORE,MALWA MILL,INDORE,INDORE,No,N/A,MADHYA PRADESH,452001,CJGPS3644M,22.737368,75.878616,NH0753FEB2024,Others,false,INDORE MADHYA PRADESH 45,No,N/A,Hospital,Allopathy,Multi Speciality,,Trust,yes,Yes,Yes,Yes,Yes,Yes,No,,No,Yes,Yes,TRINETRA HOSPITAL INDORE,8818884402,insurancedesk.trinetrahospital@gmail.com,Yes,12,4,4,100,250,,2021,4:1,2:1,2,1,2,2,0,0,0,1,Yes,0,Yes,Yes,Outsourced,,Outsourced,In-house,1,1,1,1,0,0,0,0,1,,0,1,1,1,Yes,Yes,Yes,Yes,Yes,No,Yes,Yes,No,No,2,2,4,4,12,2,2,2,2,3,8,2,1,1,2,0,0,1,1,CHANADANI KHARE,insurancedesk.trinetrahospital@gmail.com,9131602700,CHANADANI KHARE,insurancedesk.trinetrahospital@gmail.com,9131602700,DR ABUDHAYE DAIMAY,insurancedesk.trinetrahospital@gmail.com,8818884402,ARUNA SINGH,trinetrahospital14@gmail.com,9685974755,ARUNA SINGH,trinetrahospital14@gmail.com,9685974755,ARUNA SINGH,drarunasingh1982@gmail.com,9685974755,AJAY PAWAR,trinetrahospital14@gmail.com,8818884402,220211319999999,UBIN0822027,Current,UNION BANK,Uploaded,Uploaded,Uploaded,Uploaded,Uploaded,Uploaded,N/A,Uploaded,N/A,Uploaded,Uploaded,Uploaded,Uploaded,Uploaded,N/A,Uploaded,N/A,Uploaded,N/A,Uploaded,N/A,Uploaded,Uploaded,Uploaded,Uploaded,Uploaded,Uploaded,Uploaded,Uploaded,Uploaded,Uploaded,N/A,Uploaded,Uploaded,ARUNA SINGH,trinetrahospital14@gmail.com,9685974755,Yes,Yes,Yes,Yes,Yes,Yes,No,No,No,No,No,Yes,No,Yes,Yes,Yes,No,Yes,Yes,No,In-house,In-house,In-house,In-house,In-house,Outsourced,In-house,In-house,Outsourced,Outsourced
1000947,ASHTAVINAYAKA EYE HOSPITAL,ashtavinayakaeyecashless@gmail.com,9757392683,25/7/2025,25/7/2025,24/2/2026,8900080612389,Empaneled,,54,10,"A 101/102,SUNLIT HEIGHTS",SVP ROAD,"OPP DAHISAR POLICE STATION, DAHISAR EAST",MUMBAI,No,N/A,MAHARASHTRA,400068,AEXFS1730E,19.2523,72.8652,888029350,"Bombay Nursing Homes Registration Act, 1949",false,MUNICIPAL CORPORATION OF GREATER MUMBAI,No,N/A,Hospital,Allopathy,Single,Ophthalmology (Eye Care),Partnership Firm,no,Yes,Yes,Yes,Yes,Yes,No,,No,Yes,Yes,DR MANTHAN DEDHIA,9757392683,ashtavinayakaeyecashless@gmail.com,Yes,10,0,0,0,10,,2024,5:1,10:1,0,0,0,0,0,0,0,0,Yes,1,No,Yes,Outsourced,,Outsourced,Not Available,0,1,0,0,0,0,0,0,0,,0,0,1,0,Yes,Yes,Yes,Yes,Yes,No,Yes,Yes,Yes,No,2,2,0,0,1,1,2,0,0,2,1,1,0,0,0,0,0,0,5,DR MEHA DEDHIA,mehamehra@gmail.com,8097560272,MR RUPESH VARA,ashtavinayakaeyecashless@gmail.com,9137425689,DR MEHA DEDHIA,mehamehra@gmail.com,8097560272,DR MANTHAN DEDHIA,manthandedhia10@gmail.com,9757392683,DR MEHA DEDHIA,mehamehra@gmail.com,8097560272,DR MANTHAN DEDHIA,manthandedhia10@gmail.com,9757392683,MR RUPESH VARA,ashtavinayakaeyecashless@gmail.com,9137425689,9137429649,KKBK0000653,Current,KOTAK MAHINDRA BANK,Uploaded,Uploaded,Uploaded,Uploaded,Uploaded,Uploaded,N/A,Uploaded,N/A,Uploaded,Uploaded,Uploaded,Uploaded,N/A,N/A,N/A,N/A,N/A,N/A,N/A,N/A,N/A,Uploaded,Uploaded,Uploaded,N/A,Uploaded,N/A,N/A,N/A,Uploaded,N/A,Uploaded,Uploaded,DR MANTHAN DEDHIA,manthandedhia10@gmail.com,9757392683,No,No,No,No,No,No,No,No,No,No,No,No,Yes,No,No,No,No,No,No,No,Not Available,Not Available,Not Available,Not Available,Not Available,Not Available,Not Available,Not Available,Not Available,Not Available
1000926,Apnahospital,mediclaimapnahospitalujjain@gmail.com,7804060190,25/7/2025,25/7/2025,1/12/2025,8900080616066,Empaneled,,203,41,18- kshapnak marg Ghasmandi chouraha freeganj ujjiain ,18- kshapnak marg Ghasmandi chouraha freeganj ujjiain ,Ghasmandi  chouraha freeganj  ujjain  ,ujjain ,No,N/A,MADHYA PRADESH,456010,CHVPD6300C,23.18,75.7,NH0105OCT2023,Others,false,apna hospital and research center,No,N/A,Hospital,Allopathy,Multi Speciality,,Sole Proprietorship,yes,Yes,Yes,Yes,Yes,Yes,No,,No,Yes,Yes,SANGEETA MARMAT,7804060190,sangeetamarmat10@gmail.com,Yes,20,4,15,1200,1500,,2023,4:1,4:1,10,5,10,2,5,2,1,2,Yes,1,Yes,Yes,In-house,ALS,Outsourced,In-house,1,2,1,1,1,1,1,1,1,,0,1,1,0,Yes,Yes,Yes,Yes,Yes,No,No,Yes,Yes,Yes,10,10,10,8,25,15,20,8,5,6,5,3,1,1,1,1,1,4,6,sangeeta marmat,sangeetamarmat10@gmail.com,7804060190,soheb,skpatel11786@gmail.com,7470613337,mithun,apnahospitalujjain@gmail.com,7898404543,mithun,apnahospitalujjain@gmail.com,7898404543,anil,aniljaiswal1986@gmail.com,8839820109,Mithun,apnahospitalujjain@gmail.com,7898404543,anil,aniljaiswal1986@gmail.com,8839820109,038163400003611,YESB0000381,Current,YESBANK,Uploaded,Uploaded,Uploaded,Uploaded,Uploaded,Uploaded,N/A,Uploaded,N/A,Uploaded,Uploaded,Uploaded,Uploaded,N/A,N/A,N/A,N/A,N/A,N/A,N/A,N/A,Uploaded,Uploaded,Uploaded,Uploaded,Uploaded,Uploaded,Uploaded,Uploaded,Uploaded,Uploaded,Uploaded,Uploaded,Uploaded,sangeeta marmat,sangeetamarmat10@gmail.com,7804060190,Yes,Yes,Yes,Yes,Yes,Yes,Yes,Yes,Yes,Yes,No,Yes,Yes,Yes,Yes,Yes,Yes,No,Yes,No,In-house,In-house,Outsourced,In-house,In-house,Outsourced,In-house,Outsourced,Outsourced,In-house
1000891,GOYAL HOSPITAL,goyalhospitalindore@gmail.com,9303333933,25/7/2025,25/7/2025,29/12/2025,8900080495210,Empaneled,,173,30,EA 154 SCH NO 94 RING ROAD ,SCH NO 94,OPP BHARAT PETROL PUMP RING ROAD INDORE,INDORE,No,N/A,MADHYA PRADESH,452010,AIHPG0300N,22.763936,75.907102,NH3001,"Madhya Pradesh Upcharya Griha Tatha Rujopchar Sanbabdu Sthapana Adhiniyam, 1973",false,CMHO INDORE MADHYA PRADESH,Yes,N2310018702,Hospital,Allopathy,Multi Speciality,,Sole Proprietorship,yes,Yes,Yes,Yes,Yes,Yes,Yes,NABH- Entry Level,No,Yes,Yes,APIN GOYAL,9303333933,goyalhospitalindore@gmail.com,Yes,20,3,5,144,1700,,2021,5:30,3:1,2,0,5,0,2,2,2,2,Yes,1,Yes,Yes,Outsourced,,Outsourced,In-house,1,1,1,1,0,0,0,1,1,,0,0,1,0,Yes,Yes,Yes,Yes,Yes,No,Yes,Yes,Yes,Yes,5,5,2,2,15,2,5,2,3,2,10,5,2,1,1,1,1,1,1,APIN GOYAL,apingoyal@gmail.com,9303333933,APIN GOYAL,apingoyal@gmail.com,9303333933,MADHU GOYAL,goyalhospitalindore@gmail.com,9826347894,MUKESH GOYAL,goyalhospitalindore@gmail.com,7354680808,APIN GOYAL,apingoyal@gmail.com,9303333933,MUKESH GOYAL,goyalhospitalindore@gmail.com,7354680808,RUDRA SINGH PATEL,goyalhospitalindore@gmail.com,9977342980,921020015082084,UTIB0003029,Current,AXIS BANK LTD,Uploaded,Uploaded,Uploaded,Uploaded,Uploaded,Uploaded,N/A,Uploaded,Uploaded,Uploaded,Uploaded,Uploaded,Uploaded,Uploaded,Uploaded,N/A,Uploaded,Uploaded,N/A,N/A,N/A,Uploaded,Uploaded,Uploaded,Uploaded,Uploaded,Uploaded,Uploaded,Uploaded,N/A,N/A,N/A,Uploaded,Uploaded,MUKESH GOYAL,goyalhospitalindore@gmail.com,7354680808,Yes,Yes,Yes,Yes,Yes,Yes,Yes,No,Yes,No,No,Yes,No,Yes,No,Yes,No,Yes,Yes,Yes,Outsourced,Outsourced,Outsourced,In-house,In-house,Outsourced,Outsourced,Outsourced,Outsourced,Outsourced
1000819,Sadhu-Kamal Eye Hospital,sadhukamaleyehospital@gmail.com,8144715901,24/7/2025,24/7/2025,24/2/2026,8900080101555,Empaneled,,72,2,Navjivan Society,Lamington Road,"Mumbai Central,Mumbai-400008",Mumbai,No,N/A,MAHARASHTRA,400008,ABGFS3271E,18.9582,72.8321,887304242,"Bombay Nursing Homes Registration Act, 1949",false,Bombay Nursing Home Registration,No,N/A,Day Care,Allopathy,Single,Ophthalmology (Eye Care),Private Limited Company,yes,Yes,Yes,Yes,Yes,Yes,Yes,NABH- Entry Level,No,Yes,Yes,Dr Ashish Ahuja,8144715901,sadhukamaleyehospital@gmail.com,Yes,0,0,2,0,0,,2007,1:1,1:1,0,0,0,0,0,0,0,0,No,0,No,Yes,Not Available,,Not Available,In-house,0,1,0,0,0,0,0,0,0,,0,0,0,0,Yes,No,Yes,Yes,Yes,No,No,Yes,Yes,Yes,3,6,1,1,3,1,2,0,0,0,3,1,0,0,0,0,0,1,2,Dr Ashish Ahuja,sadhukamaleyehospital@gmail.com,8144715901,Dr Ashish Ahuja,sadhukamaleyehospital@gmail.com,8144715901,Dr Arjun Ahuja,sadhukamaleyehospital@gmail.com,8144715901,Dr Arjun Ahuja,sadhukamaleyehospital@gmail.com,8144715901,Dr Arjun Ahuja,sadhukamaleyehospital@gmail.com,8144715901,Dr Arjun Ahuja,sadhukamaleyehospital@gmail.com,8144715901,Dr Ashish Ahuja,sadhukamaleyehospital@gmail.com,8144715901,50131010009314,CNRB0015013,Current,Canara Bank,Uploaded,Uploaded,Uploaded,Uploaded,Uploaded,Uploaded,N/A,Uploaded,N/A,Uploaded,Uploaded,Uploaded,Uploaded,N/A,N/A,N/A,N/A,N/A,N/A,N/A,N/A,N/A,Uploaded,N/A,N/A,N/A,Uploaded,N/A,N/A,N/A,N/A,N/A,Uploaded,Uploaded,Dr Arjun Ahuja,sadhukamaleyehospital@gmail.com,8144715901,No,No,No,No,No,No,No,No,No,No,No,No,Yes,No,No,No,No,No,No,No,Not Available,Not Available,Not Available,Not Available,Not Available,Not Available,Not Available,Not Available,Not Available,Not Available
1000793,Shree Hospital,shreehospitaltpa1402@gmail.com,9820223528,24/7/2025,24/7/2025,14/4/2026,8900080608603,Empaneled,,166,20,"70 M, KAVAN, Central Avenue","MDS Marg, Station Road,",Chembur East,Mumbai,No,N/A,MAHARASHTRA,400071,AAEPK7136K,19.0,72.90,887618545,"Bombay Nursing Homes Registration Act, 1949",false,Maharashtra Medical Counsel,No,N/A,Hospital,Allopathy,Multi Speciality,,Sole Proprietorship,yes,Yes,Yes,Yes,Yes,Yes,No,,No,Yes,Yes,Dhanesh Kapse,9820223528,shreehospitaltpa1402@gmail.com,Yes,10,2,4,8,7,,1983,4:1,4:1,0,4,0,0,1,1,0,6,No,4,Yes,Yes,Outsourced,,Not Available,In-house,0,1,1,1,1,1,1,0,1,,0,1,1,1,Yes,Yes,Yes,Yes,Yes,No,Yes,Yes,Yes,Yes,10,10,4,4,10,2,2,2,2,2,2,2,2,2,2,1,0,1,4,Dhanesh Kapse,shreehospitaltpa1402@gmail.com,9820223528,Shobha Durafe,shreehospital2000@gmail.com,9833693682,,,,,,,,,,Dr V V KARKARE,shreehospital139@gmail.com,9820075293,Dhanesh Kapse,dhaneshkapseis@gmail.com,9820223528,10339722406,SBIN0000533,Current,State Bank Of India,Uploaded,Uploaded,Uploaded,Uploaded,Uploaded,Uploaded,N/A,Uploaded,N/A,Uploaded,Uploaded,Uploaded,Uploaded,N/A,Uploaded,N/A,N/A,N/A,N/A,N/A,N/A,Uploaded,Uploaded,Uploaded,Uploaded,Uploaded,Uploaded,N/A,Uploaded,Uploaded,Uploaded,Uploaded,Uploaded,Uploaded,Dr V V Karkare,shreehospital139@gmail.com,9820075293,Yes,Yes,No,Yes,Yes,Yes,Yes,No,No,Yes,Yes,Yes,Yes,Yes,Yes,Yes,Yes,No,Yes,Yes,Outsourced,Outsourced,Outsourced,Outsourced,In-house,Not Available,In-house,Not Available,Not Available,Not Available
1000752,Satya Super Speciality Hospital (A unit of SAAS Hospital Pvt. Ltd),tpadesk@satyasuperspecialityhospital.com,8291929950,23/7/2025,7/8/2025,16/3/2026,8900080686465,Empaneled,,141,50,"Dattani Road, Kandivali, Mumbai, Maharashtra 400101","Dattani Park, Thakur Village",,Mumbai,No,N/A,MAHARASHTRA,400101,ABICS5034N,19.0760,72.8777,888046884,"Bombay Nursing Homes Registration Act, 1949",false,Medical officer of Health,No,N/A,Hospital,Allopathy,Multi Speciality,,Private Limited Company,yes,Yes,Yes,Yes,Yes,Yes,No,,No,Yes,Yes,Urvesh Mishra,8291929950,tpadesk@satyasuperspecialityhospital.com,Yes,15,13,12,15,10,,2022,5.1,10.3,10,5,5,5,5,2,1,4,Yes,3,Yes,Yes,In-house,ALS,In-house,In-house,1,1,1,1,1,2,1,1,1,,1,1,1,1,Yes,Yes,Yes,Yes,Yes,Yes,Yes,Yes,Yes,Yes,0,0,4,0,25,0,3,0,0,0,25,4,0,0,0,0,0,0,25,LALIT SINGH,tpadesk@satyasuperspecialityhospital.com,8050018018,LALIT SINGH,tpadesk@satyasuperspecialityhospital.com,8050018018,DR. AMIT MISHRA,tpadesk@satyasuperspecialityhospital.com,8050018018,DR. AMIT MISHRA,tpadesk@satyasuperspecialityhospital.com,8050018018,LALIT SINGH,tpadesk@satyasuperspecialityhospital.com,8050018018,DR. AMIT MISHRA,tpadesk@satyasuperspecialityhospital.com,8050018018,LALIT SINGH,tpadesk@satyasuperspecialityhospital.com,8050018018,50200104089495,HDFC0001574,Current,HDFC BANK,Uploaded,Uploaded,Uploaded,Uploaded,Uploaded,Uploaded,N/A,Uploaded,N/A,Uploaded,Uploaded,Uploaded,Uploaded,N/A,N/A,N/A,N/A,N/A,N/A,N/A,N/A,N/A,N/A,Uploaded,Uploaded,Uploaded,Uploaded,N/A,N/A,Uploaded,N/A,N/A,Uploaded,Uploaded,DR. AMIT MISHRA,tpadesk@satyasuperspecialityhospital.com,8050018018,Yes,Yes,Yes,Yes,Yes,Yes,Yes,Yes,Yes,Yes,Yes,Yes,Yes,Yes,Yes,Yes,Yes,Yes,Yes,Yes,In-house,In-house,In-house,In-house,In-house,In-house,In-house,In-house,In-house,In-house
1000701,ARVI Hospital,cashlessarvihospitals@gmail.com,8197855121,23/7/2025,23/7/2025,29/12/2025,8900080672413,Empaneled,,204,25,"Kiyansh Complex,","Air Extension, 12, Old Madras Rd","NH4, M V Extension, Hoskote",bangalore ,No,N/A,KARNATAKA,562114,ACGFA9668L,13.0679,77.7805,BLR00681ALHL2,Clinical Establishments Act,false,KARANATAKA PRIVATE MEDICAL ESTABLISHMENT AUTHORITY,No,N/A,Hospital,Allopathy,Multi Speciality,,Partnership Firm,yes,No,Yes,Yes,Yes,Yes,No,,No,Yes,Yes,SURESH R,8197855121,cashlessarvihospitals@gmail.com,Yes,12,8,5,8,65,,2024,4:1,3:1,5,0,0,0,0,0,0,3,Yes,2,Yes,Yes,Outsourced,,Outsourced,In-house,1,1,1,1,0,0,1,0,2,,0,0,2,1,Yes,Yes,Yes,Yes,Yes,No,Yes,Yes,Yes,Yes,5,8,6,2,35,3,4,2,2,16,35,10,3,1,3,2,6,3,3,SURESH R,cashlessarvihospitals@gmail.com,8197855121,SMITHA,cashlessarvihospitals@gmail.com,9538888998,DR ARUN,cashlessarvihospitals@gmail.com,9986108788,DR ARUN,cashlessarvihospitals@gmail.com,9986108788,SURESH R,cashlessarvihospitals@gmail.com,8197855121,DR ARUN K,cashlessarvihospitals@gmail.com,9986108788,RAVI,cashlessarvihospitals@gmail.com,9538888998,0337202400001401,KARB0000337,Current,KARNATAKA BANK LTD,Uploaded,Uploaded,N/A,Uploaded,Uploaded,Uploaded,Uploaded,Uploaded,N/A,Uploaded,Uploaded,Uploaded,Uploaded,N/A,N/A,N/A,N/A,N/A,N/A,N/A,N/A,N/A,N/A,Uploaded,N/A,Uploaded,Uploaded,Uploaded,Uploaded,Uploaded,Uploaded,Uploaded,Uploaded,Uploaded,DR ARUN,cashlessarvihospitals@gmail.com,9986108788,Yes,Yes,No,Yes,Yes,Yes,No,No,Yes,No,No,Yes,No,No,No,No,No,Yes,Yes,No,In-house,Outsourced,In-house,In-house,In-house,Outsourced,Outsourced,Outsourced,Outsourced,Outsourced
1000661,R K HOSPITAL,tparkhospital@gmail.com,8659074446,23/7/2025,24/7/2025,12/11/2025,8900080419056,Empaneled,,168,28,1 PRAKASH NAGAR,NAVLAKHA SQUARE,NEMAWAR ROAD,INDORE,No,N/A,MADHYA PRADESH,452001,AAZFR4707Q,22.697825,75.878667,NH8663,"Madhya Pradesh Upcharya Griha Tatha Rujopchar Sanbabdu Sthapana Adhiniyam, 1973",false,MADHYA PRADESH CMHO INDORE,No,N/A,Hospital,Allopathy,Multi Speciality,,Partnership Firm,yes,Yes,Yes,Yes,Yes,Yes,Yes,NABH- Entry Level,No,Yes,Yes,MR MOHIT SOLANKI,8659074446,tparkhospital@gmail.com,Yes,14,6,5,15,30,,2020,1:7,1:5,15,0,3,0,1,1,2,3,Yes,2,Yes,Yes,In-house,BLS,Outsourced,In-house,1,2,1,1,0,0,1,0,1,,0,1,1,1,Yes,Yes,Yes,Yes,Yes,No,Yes,Yes,Yes,Yes,2,2,4,3,22,2,3,2,1,3,18,4,2,2,2,1,1,1,3,MR MOHIT SOLANKI,tparkhospital@gmail.com,8659074446,MR RISHABH PATIDAR,tparkhospital@gmail.com,9630561697,DR. NEETI GUPTA,tparkhospital@gmail.com,9399484434,DR GIRISSH GUPTA,tparkhospital@gmail.com,9826056855,PRAVIN ACHARYA,tparkhospital@gmail.com,9399484434,DR. NEETI GUPTA,tparkhospital@gmail.com,9399484434,PRAVIN ACHARYA,tparkhospital@gmail.com,9399484434,38384725166,SBIN0004388,Current,STATE BANK OF INDIA,Uploaded,Uploaded,Uploaded,Uploaded,Uploaded,Uploaded,Uploaded,Uploaded,Uploaded,Uploaded,Uploaded,Uploaded,Uploaded,N/A,Uploaded,N/A,N/A,N/A,N/A,N/A,N/A,N/A,N/A,N/A,N/A,N/A,N/A,N/A,N/A,N/A,N/A,Uploaded,Uploaded,Uploaded,DR GIRISH GUPTA,tparkhospital@gmail.com,9826056855,Yes,Yes,Yes,Yes,Yes,Yes,Yes,Yes,Yes,No,No,Yes,No,Yes,Yes,Yes,Yes,Yes,Yes,No,In-house,In-house,Outsourced,In-house,In-house,Outsourced,In-house,Outsourced,In-house,In-house
1000482,DARSH HOSPITAL,darshskhospital@gmail.com,9481488880,22/7/2025,22/7/2025,17/2/2026,8900080525788,Empaneled,,218,29,"57 AMBIKAPURI EXT 60 FEET ROAD , AIRPORT ROAD , INDORE MP",AIRPORT ROAD INDORE,AIRPORT ROAD ,Indore,No,N/A,MADHYA PRADESH,452005,AATFD4797L,22.730892,75.822411,NH6267APR2022,"Madhya Pradesh Upcharya Griha Tatha Rujopchar Sanbabdu Sthapana Adhiniyam, 1973",false,CHIEF MEDICAL AND HEALTH OFFICER INDORE,No,N/A,Hospital,Allopathy,Multi Speciality,,Partnership Firm,yes,Yes,Yes,Yes,Yes,Yes,Yes,NABH- Entry Level,No,Yes,Yes,VINOD KUMAR,9481488880,darshskhospital@gmail.com,Yes,18,4,5,180,2250,,2022,1:10,1:5,6,3,2,4,2,2,6,4,Yes,2,Yes,Yes,In-house,BLS,Outsourced,In-house,1,1,2,1,1,0,0,0,1,,0,1,6,1,Yes,Yes,Yes,Yes,Yes,No,Yes,Yes,Yes,Yes,8,24,12,5,32,1,2,1,1,8,32,4,2,2,2,1,1,3,6,VINOD KUMAR,vinu8880@gmail.com,9481488880,KIRAN,darshskhospital@gmail.com,9425748880,DR RAMRAO BHOJNE,darshskhospital@gmail.com,9449979334,DR VINOD,vinu8880@gmail.com,9449979334,JITENDRA,vinu8880@gmail.com,9481488880,DR PRIYANKA YADAV,darshskhospital@gmail.com,9449979334,RAJESH,darshskhospital@gmail.com,9425748880,236905001248,ICIC0002369,Current,ICICI BANK,N/A,N/A,Uploaded,Uploaded,Uploaded,Uploaded,N/A,Uploaded,Uploaded,Uploaded,Uploaded,Uploaded,Uploaded,Uploaded,N/A,N/A,Uploaded,N/A,N/A,N/A,N/A,Uploaded,Uploaded,Uploaded,Uploaded,Uploaded,Uploaded,Uploaded,Uploaded,Uploaded,N/A,Uploaded,Uploaded,Uploaded,DR PRIYANKA YADAV,vinu8880@gmail.com,9449979334,Yes,Yes,Yes,Yes,Yes,Yes,Yes,Yes,Yes,Yes,Yes,Yes,Yes,Yes,Yes,Yes,Yes,Yes,Yes,No,In-house,In-house,In-house,In-house,In-house,Outsourced,In-house,Outsourced,Outsourced,In-house
1000389,BIMLESH ARYA MEMORIAL HOSPITAL,raviarya04@yahoo.com,9833685321,21/7/2025,21/7/2025,12/11/2025,8900080700758,Empaneled,,91,9,"28,SOBHAGYA HOUSE(ADENWALA BUILDING) TULSI PIPE ROAD OPP MAHIM RAILWAY STATION MAHIM WEST",MAHIM WEST,MAHIM,MUMBAI,No,N/A,MAHARASHTRA,400016,ABEFB0379E,19.04,72.84,888072753,"Bombay Nursing Homes Registration Act, 1949",false,BRIHANMUMBAI MUNICIPAL CORPORATION,No,N/A,Hospital,Allopathy,Multi Speciality,,Sole Proprietorship,yes,Yes,Yes,Yes,Yes,Yes,No,,No,Yes,Yes,DR RAVI ARYA,9833685321,RAVIARYA04@YAHOO.COM,Yes,5,2,2,18,36,,2025,4:1,1:3,0,0,0,0,0,0,0,1,Yes,1,No,Yes,Outsourced,,Outsourced,In-house,0,1,1,1,0,0,0,0,0,,0,0,3,0,Yes,Yes,Yes,Yes,Yes,No,No,Yes,Yes,Yes,0,5,5,0,4,1,1,0,1,1,3,1,1,0,0,0,3,1,1,DAYAL SINGH,DAYAL.SINGH1@GMAIL.COM,9969223294,DAYAL SINGH,DAYAL.SINGH1@GMAIL.COM,9969223294,PRIYAL SHENDE ARYA,PRIYAL92.PS63@GMAIL.COM,8698521999,PRIYAL SHENDE ARYA,PRIYAL92.PS63@GMAIL.COM,8698521999,RAVI ARYA,RAVIARYA04@YAHOO.COM,9833685321,RAVI ARYA,RAVIARYA04@GMAIL.COM,9833685321,,,,8068127125,IDIB000M008,Current,INDIAN BANK,Uploaded,Uploaded,N/A,N/A,N/A,N/A,N/A,N/A,N/A,N/A,N/A,N/A,N/A,N/A,N/A,N/A,N/A,N/A,N/A,N/A,N/A,N/A,N/A,N/A,N/A,N/A,N/A,N/A,N/A,N/A,N/A,N/A,Uploaded,Uploaded,RAVI ARYA,RAVIARYA04@YAHOO.COM,9833685321,Yes,Yes,No,No,Yes,Yes,No,No,No,No,No,No,No,No,No,No,No,No,No,No,Outsourced,Outsourced,Outsourced,In-house,In-house,Outsourced,In-house,Outsourced,Outsourced,In-house
1000369,Manomay Maternity And Nursing Home,manomaynursing@gmail.com,9926217797,21/7/2025,21/7/2025,12/11/2025,8900080581746,Empaneled,,81,7,225 OM SHIV NAGAR ,LALGHATI,,BHOPAL,No,N/A,MADHYA PRADESH,462030,AISPK7324D,23.263997,77.393802,NH7877,"Madhya Pradesh Upcharya Griha Tatha Rujopchar Sanbabdu Sthapana Adhiniyam, 1973",false,CHIEF MEDICAL AND HEALTH OFFICER DISTRICT BHOPAL,No,N/A,Hospital,Allopathy,Single,Other Speciality,Sole Proprietorship,yes,Yes,Yes,Yes,Yes,Yes,Yes,NABH- Entry Level,No,Yes,Yes,DR MANIA KUSHWAH,9926217797,manomaynursing@gmail.com,Yes,4,1,2,2,4,,2022,15.1,6.2,4,0,0,0,0,0,0,1,Yes,1,Yes,Yes,Outsourced,,Outsourced,In-house,0,1,0,1,0,0,0,0,0,,0,0,0,0,Yes,Yes,Yes,Yes,Yes,No,Yes,Yes,Yes,Yes,0,1,1,2,6,3,1,0,1,1,6,2,2,1,1,0,0,1,2,MAHIRA,manomaynursing@gmail.com,9039436481,DR MANIA KUSHWAH,manomaynursing@gmail.com,9926217797,DR MANIA KUSHWAH,manomaynursing@gmail.com,9926217797,DR MANIA KUSHWAH,manomaynursing@gmail.com,9926217797,SHAZIA,shaziali@gmail.com,8109801438,JAI PRATAP SINGH RAJAWAT,manomaynursing@gmail.com,9630821222,ANAND KHILRANI,anandkhilrani@gmail.com,9009167001,50200076779917,HDFC0001768,Current,HDFC BANK,Uploaded,Uploaded,Uploaded,Uploaded,Uploaded,Uploaded,N/A,Uploaded,Uploaded,Uploaded,Uploaded,Uploaded,Uploaded,Uploaded,Uploaded,Uploaded,N/A,N/A,N/A,N/A,N/A,N/A,Uploaded,Uploaded,Uploaded,Uploaded,N/A,N/A,Uploaded,N/A,N/A,N/A,Uploaded,Uploaded,DR MANIA KUSHWAH,manomaynursing@gmail.com,9926217797,Yes,Yes,No,No,Yes,Yes,No,No,No,No,No,No,No,No,No,No,Yes,No,Yes,No,Outsourced,Outsourced,Outsourced,Outsourced,Outsourced,Outsourced,In-house,Outsourced,Outsourced,Outsourced
1000352,DADAR EYE AND GYNAEC CENTER,dadareye.mediclaim@gmail.com,9987519468,21/7/2025,31/7/2025,29/1/2026,8900080640399,Empaneled,,49,2,"B/4,PRABHAT VIEW",LAKHAMASI NAPOO ROAD,DADAR (E),MUMBAI,No,N/A,MAHARASHTRA,400014,AKWPG1841R,19.0191,72.8449,888006843,"Bombay Nursing Homes Registration Act, 1949",false,Municipal Corporation Mumbai,No,N/A,Day Care,Allopathy,Single,Ophthalmology (Eye Care),Sole Proprietorship,not_applicable,Yes,No,Yes,Yes,Yes,No,,No,Yes,Yes,Ms Gauri Mr Ramesh,9987519468,dadareye.mediclaim@gmail.com,Yes,0,2,0,6,6,,2019,1:2,1:2,0,0,0,0,0,0,0,0,No,1,Yes,Yes,Not Available,,Not Available,Not Available,0,1,0,0,0,0,0,0,0,,0,0,0,0,Yes,Yes,Yes,Yes,Yes,No,Yes,Yes,No,No,1,0,0,0,1,0,1,0,0,0,1,2,0,0,0,0,0,0,1,Ms Gauri Mr Ramesh,dadareye.mediclaim@gmail.com,9987519468,Ms Gauri,dadareye.mediclaim@gmail.com,9987519468,,,,,,,,,,Dr Bhavesh Gohil,dadareye.mediclaim@gmail.com,9987519468,,,,81470200000001,BARB0123456,Current,Bank of Baroda,Uploaded,Uploaded,Uploaded,Uploaded,Uploaded,Uploaded,N/A,Uploaded,N/A,Uploaded,Uploaded,Uploaded,Uploaded,N/A,N/A,N/A,N/A,N/A,N/A,N/A,N/A,N/A,Uploaded,Uploaded,Uploaded,N/A,Uploaded,N/A,N/A,N/A,N/A,Uploaded,Uploaded,Uploaded,Dr Bhavesh Gohil,dadareye.mediclaim@gmail.com,9987519468,No,No,No,No,No,No,No,No,No,No,No,No,Yes,No,No,No,No,No,No,No,Outsourced,Outsourced,Outsourced,Outsourced,Outsourced,Outsourced,Outsourced,Outsourced,Outsourced,Outsourced
1000154,NEWERA HOSPITALS MUMBAI PRIVATE LIMITED,marketinghead@newerahospitalvashi.com,8956502266,18/7/2025,18/7/2025,16/3/2026,8900080591165,Empaneled,Dr Sachin Gaikwad,235,64,"Plot No 48 & 49, Sion - Panvel Hwy, ","Sector 7, Vashi, ",Navi Mumbai,"Mumbai, Maharashtra",No,N/A,MAHARASHTRA,400703,AAHCN9545P,19.07009,72.98726,00387,"Bombay Nursing Homes Registration Act, 1949",false,NAVI MUMBAI MUNCIPAL CORPORATION,Yes,23833585487,Hospital,Allopathy,Multi Speciality,,Private Limited Company,yes,Yes,Yes,Yes,Yes,Yes,No,,No,Yes,Yes,PRASHANT SONAWANE,8956502266,billing@newerahospitalvashi.com,Yes,18,22,22,22,18,,2024,1:3,1:3,40,9,9,4,2,0,4,5,Yes,4,Yes,Yes,Outsourced,,Outsourced,In-house,1,0,1,1,1,1,1,0,1,,1,0,2,1,Yes,Yes,Yes,Yes,Yes,No,Yes,Yes,Yes,Yes,20,12,10,15,42,2,8,4,2,10,42,8,6,8,4,1,1,10,5,PRASHANT SONAWANE,billing@newerahospitalvashi.com,8956502266,SHAILESH MAHTRE,billing@newerahospitalvashi.com,8956502266,GILU XAVIER,nursinghead@newerahospitalvashi.com,8956502266,SUNIL KUMAR CHANDU KUTTY,INFO@NEWERAHOSPITALVASHI.COM,8956502262,SIDDHESH KOLTE,admin@newerahospitalvashi.com,8985650226,DR. AMIT DHANKEE,ceo@newerahospitalvashi.com,8956502266,HARJEET JASWAL,marketinghead@newerahospitalvashi.com,8956502266,50200078491013,HDFC0000489,Current,HDFC BANK,Uploaded,Uploaded,Uploaded,Uploaded,Uploaded,Uploaded,Uploaded,Uploaded,Uploaded,Uploaded,Uploaded,Uploaded,Uploaded,N/A,Uploaded,Uploaded,N/A,N/A,N/A,N/A,N/A,N/A,N/A,N/A,N/A,N/A,N/A,N/A,N/A,N/A,N/A,N/A,Uploaded,Uploaded,SUNIL KUMAR CHANDU KUTTY,INFO@NEWERAHOSPITALVASHI.COM,8956502262,Yes,Yes,Yes,Yes,Yes,Yes,Yes,Yes,Yes,Yes,Yes,Yes,Yes,Yes,Yes,Yes,Yes,Yes,Yes,Yes,In-house,In-house,In-house,In-house,In-house,In-house,In-house,Outsourced,In-house,In-house
